"Num_Acc";"id_lieux";"jour";"mois";"an";"hrmn";"lum";"dep";"com";"agg";"inte";"atm";"col";"adr";"lat";"longi"
"47";"1";"8";"5";"2023";"01/01/1900 07:45";"2";"34";"34333";"1";"6";"1";"3";"D612";"43,500985";"3,786504"
"49";"2";"8";"5";"2023";"01/01/1900 02:20";"3";"34";"34172";"1";"1";"1";"4";"A709";"43,601853";"3,922441"
"56";"3";"7";"5";"2023";"01/01/1900 16:10";"1";"34";"34059";"1";"1";"1";"3";"6 Rue Departementale 907";"43,350909";"2,787727"
"57";"4";"24";"4";"2023";"01/01/1900 20:00";"1";"34";"34145";"2";"1";"1";"6";"430 Av Mal de Lattre de Tassigny";"43,676105";"4,126407"
"58";"5";"18";"4";"2023";"01/01/1900 17:00";"1";"34";"34344";"2";"1";"1";"6";"55 Avenue de Melgueil";"43,562427";"4,087054"
"595";"6";"21";"9";"2023";"01/01/1900 18:50";"1";"34";"34301";"2";"1";"1";"3";"CLERVILLE CHEVALIER DE (BOULEVARD)";"43,409963";"3,675553"
"597";"7";"24";"9";"2023";"01/01/1900 03:45";"5";"34";"34032";"2";"1";"1";"2";"ALBERT 1ER (AVENUE)";"43,34823";"3,21724"
"679";"8";"26";"10";"2023";"01/01/1900 22:00";"5";"34";"34276";"2";"3";"1";"2";"avenue louis cancel";"43,771532";"3,868759"
"779";"9";"7";"5";"2023";"01/01/1900 01:40";"5";"34";"34337";"1";"6";"1";"7";"M986 PR 53+861";"43,540165";"3,897121"
"786";"10";"6";"5";"2023";"01/01/1900 13:00";"1";"34";"34146";"1";"1";"1";"3";"A9 - PK 78+3946";"43,694283";"4,082215"
"889";"11";"2";"5";"2023";"01/01/1900 18:10";"1";"34";"34172";"2";"9";"1";"1";"777 Rue de Bionne";"43,60771";"3,82135"
"910";"12";"28";"11";"2023";"01/01/1900 08:55";"1";"34";"34259";"1";"1";"1";"1";"route de pignan";"43,603469";"3,783465"
"915";"13";"29";"11";"2023";"01/01/1900 07:56";"2";"34";"34202";"1";"1";"1";"4";"M5";"43,575267";"3,74747"
"1078";"14";"7";"6";"2023";"01/01/1900 03:50";"3";"34";"34301";"1";"1";"1";"1";"Route d'Agde";"43,37332";"3,62471"
"1197";"15";"28";"11";"2023";"01/01/1900 14:15";"1";"34";"34172";"2";"1";"1";"3";"DOMITIENNE (VOIE)";"43,6232";"3,86133"
"1366";"16";"16";"3";"2023";"01/01/1900 18:30";"1";"34";"34301";"2";"5";"1";"3";"PASTEUR LOUIS (QUAI)";"43,40696";"3,69872"
"1670";"17";"7";"9";"2023";"01/01/1900 08:12";"1";"34";"34192";"2";"4";"1";"3";"Rue Sire de Joinville";"43,530314";"3,936791"
"1698";"18";"26";"10";"2023";"01/01/1900 21:25";"3";"34";"34307";"1";"1";"2";"6";"Route de Montpellier";"43,70996";"4,005838"
"1716";"19";"25";"9";"2023";"01/01/1900 17:20";"1";"34";"34022";"1";"1";"1";"2";"A709 PK 001+800";"43,672737";"4,017187"
"1980";"20";"26";"10";"2023";"01/01/1900 07:00";"3";"34";"34298";"1";"1";"8";"4";"N/A";"43,306553";"3,240423"
"2184";"21";"4";"11";"2023";"01/01/1900 17:00";"2";"34";"34150";"2";"1";"1";"3";"Impasse de la Gare";"43,320635";"3,53624"
"2280";"22";"5";"5";"2023";"01/01/1900 17:15";"1";"34";"34116";"2";"1";"1";"1";"RM127";"43,654475";"3,790444"
"2386";"23";"27";"11";"2023";"01/01/1900 09:50";"1";"34";"34172";"2";"3";"1";"3";"SORBES (RUE DE LAS";"43,61503";"3,854"
"2389";"24";"24";"11";"2023";"01/01/1900 16:35";"1";"34";"34032";"2";"3";"1";"3";"VERDIER PIERRE (AV)";"43,34456";"3,23199"
"2393";"25";"27";"11";"2023";"01/01/1900 19:00";"5";"34";"34003";"2";"3";"2";"1";"SERGENTS (I14 A K17";"43,28305";"3,51496"
"2456";"26";"26";"3";"2023";"01/01/1900 17:50";"1";"34";"34244";"1";"1";"1";"2";"AUTOROUTE A9 PK 087+500 SENS BEZIERS NIMES";"43,676653";"4,029144"
"2474";"27";"27";"3";"2023";"01/01/1900 07:15";"2";"34";"34092";"1";"1";"1";"3";"2b Domaine de Sériège";"43,32986";"2,950591"
"2476";"28";"26";"3";"2023";"01/01/1900 21:40";"3";"34";"34154";"1";"1";"2";"1";"475 Route de Perols";"43,604775";"3,999088"
"2939";"29";"9";"6";"2023";"01/01/1900 00:05";"3";"34";"34223";"1";"1";"1";"1";"D909";"43,428333";"3,2232"
"2948";"30";"24";"7";"2023";"01/01/1900 13:45";"1";"34";"34289";"2";"4";"1";"3";"D13";"43,394188";"3,411469"
"3241";"31";"20";"8";"2023";"01/01/1900 11:50";"1";"34";"34032";"1";"1";"1";"1";"Route de Maureilhan";"43,34638";"3,153"
"3391";"32";"11";"2";"2023";"01/01/1900 18:20";"2";"34";"34242";"1";"1";"1";"6";"D1";"43,77004";"3,942933"
"3685";"33";"13";"7";"2023";"01/01/1900 21:45";"4";"34";"34172";"2";"1";"1";"1";"24 Avenue Henri Marès";"43,620212";"3,854826"
"3689";"34";"12";"7";"2023";"01/01/1900 16:32";"1";"34";"34032";"2";"1";"1";"6";"19 Avenue Georges Clémenceau";"43,34579";"3,21669"
"4136";"35";"12";"2";"2023";"01/01/1900 16:30";"1";"34";"34327";"1";"1";"1";"5";"D68";"43,675705";"3,951735"
"4292";"36";"26";"11";"2023";"01/01/1900 14:05";"1";"34";"34172";"2";"3";"1";"3";"AUTIGNAC (RUE GUILLAUME D')";"43,5942";"3,87029"
"4379";"37";"10";"2";"2023";"01/01/1900 17:40";"1";"34";"34172";"2";"2";"1";"3";"717 Avenue Jean Mermoz";"43,61034";"3,8905"
"4400";"38";"4";"5";"2023";"01/01/1900 13:45";"1";"34";"34270";"1";"3";"1";"1";"2 Rue Louis Breguet";"43,56053";"3,84272"
"4402";"39";"4";"5";"2023";"01/01/1900 07:20";"2";"34";"34270";"2";"1";"7";"6";"6 Route de Beziers";"43,575195";"3,82593"
"4448";"40";"24";"3";"2023";"01/01/1900 22:30";"5";"34";"34172";"2";"1";"1";"1";"500 Avenue des Prés d'Arènes";"43,592";"3,88094"
"4492";"41";"13";"7";"2023";"01/01/1900 20:00";"1";"34";"34192";"2";"1";"1";"6";"Avenue de la Pourquiere";"43,543671";"3,968602"
"4616";"42";"7";"6";"2023";"01/01/1900 07:00";"1";"34";"34172";"2";"1";"1";"6";"RM986";"43,588922";"3,890832"
"4837";"43";"24";"3";"2023";"01/01/1900 20:30";"3";"34";"34032";"1";"1";"1";"2";"A75";"43,371116";"3,285749"
"4938";"44";"11";"7";"2023";"01/01/1900 16:12";"1";"34";"34032";"2";"1";"1";"6";"38 Boulevard de Verdun";"43,33634";"3,22288"
"5127";"45";"14";"8";"2023";"01/01/1900 23:15";"5";"34";"34344";"1";"1";"1";"2";"D62";"43,569346";"4,078213"
"5206";"46";"12";"7";"2023";"01/01/1900 08:00";"1";"34";"34223";"1";"2";"1";"6";"RD16E4";"43,45187";"3,188604"
"5222";"47";"10";"12";"2023";"01/01/1900 04:00";"5";"34";"34032";"2";"1";"1";"2";"LIBERTE (BD DE LA)";"43,34058";"3,22259"
"5415";"48";"17";"8";"2023";"01/01/1900 03:30";"5";"34";"34172";"2";"2";"1";"3";"LAVERUNE (ROUTE DE";"43,60289";"3,8553"
"5416";"49";"16";"8";"2023";"01/01/1900 21:45";"5";"34";"34172";"2";"1";"1";"6";"LIBERTE (AVENUE DE LA";"43,61154";"3,82805"
"5426";"50";"22";"9";"2023";"01/01/1900 21:35";"5";"34";"34172";"2";"1";"1";"7";"BLAYAC (RUE DU PROFESSEUR)";"43,62476";"3,8268"
"5428";"51";"19";"9";"2023";"01/01/1900 16:50";"1";"34";"34172";"2";"6";"1";"3";"COLOMB (PLACE CHRISTOPHE)";"43,60614";"3,89862"
"5622";"52";"23";"10";"2023";"01/01/1900 11:20";"1";"34";"34172";"2";"1";"8";"3";"ABRIVADO (RUE DE L')";"43,589717";"3,88753"
"5693";"53";"23";"10";"2023";"01/01/1900 18:05";"1";"34";"34114";"1";"1";"8";"6";"autoroute A750";"43,625483";"3,61403"
"5726";"54";"23";"10";"2023";"01/01/1900 09:00";"1";"34";"34026";"1";"1";"3";"6";"D910";"43,305662";"2,76724"
"5859";"55";"3";"5";"2023";"01/01/1900 17:30";"1";"34";"34216";"1";"9";"1";"7";"D22E5";"43,627743";"3,090109"
"5949";"56";"11";"2";"2023";"01/01/1900 00:40";"3";"34";"34114";"1";"1";"1";"6";"D32 PR 27+100";"43,636638";"3,534245"
"6062";"57";"1";"5";"2023";"01/01/1900 17:55";"1";"34";"34172";"2";"1";"1";"6";"9 Rue du Faubourg de la Saunerie";"43,606119";"3,875658"
"6081";"58";"9";"2";"2023";"01/01/1900 18:40";"3";"34";"34095";"1";"1";"8";"5";"M613";"43,553416";"3,787365"
"6141";"59";"22";"4";"2023";"01/01/1900 22:25";"3";"34";"34325";"1";"1";"1";"2";"A75 PK 320+9691";"43,411567";"3,372245"
"6229";"60";"25";"11";"2023";"01/01/1900 11:20";"1";"34";"34172";"2";"1";"1";"6";"VILLENEUVE-ANGOULEME (AVENUE DE";"43,59519";"3,86774"
"6471";"61";"14";"3";"2023";"01/01/1900 17:00";"1";"34";"34299";"1";"1";"2";"2";"D37E11";"43,284204";"3,283088"
"6668";"62";"5";"6";"2023";"01/01/1900 09:00";"1";"34";"34301";"2";"1";"1";"3";"21 Rue Montmorency";"43,4065";"3,69288"
"6672";"63";"5";"6";"2023";"01/01/1900 15:40";"1";"34";"34172";"2";"1";"1";"6";"RM66";"43,60743";"3,9164"
"6677";"64";"4";"6";"2023";"01/01/1900 16:55";"1";"34";"34336";"2";"3";"1";"3";"49 Rue Jean Laurès";"43,31751";"3,28035"
"6688";"65";"5";"6";"2023";"01/01/1900 02:15";"3";"34";"34003";"2";"6";"1";"3";"1 Rond Point des Vignerons";"43,30879";"3,47679"
"6839";"66";"11";"7";"2023";"01/01/1900 16:00";"1";"34";"34028";"1";"1";"1";"1";"D908";"43,59819";"3,149772"
"7119";"67";"22";"3";"2023";"01/01/1900 19:18";"2";"34";"34314";"1";"3";"1";"3";"D17";"43,746462";"3,860038"
"7273";"68";"18";"8";"2023";"01/01/1900 09:25";"1";"34";"34270";"2";"9";"1";"1";"26 Route de Montpellier";"43,577173";"3,834395"
"7341";"69";"20";"9";"2023";"01/01/1900 12:10";"1";"34";"34003";"2";"6";"1";"3";"SOLEIL (G15 A J18";"43,303261";"3,485677"
"7419";"70";"21";"9";"2023";"01/01/1900 17:40";"1";"34";"34140";"2";"9";"1";"6";"Avenue Ingarrigues";"43,376462";"3,177677"
"7796";"71";"8";"2";"2023";"01/01/1900 19:50";"5";"34";"34172";"2";"9";"1";"3";"BRUSSES (RUE DES)";"43,63855";"3,8569"
"7856";"72";"7";"2";"2023";"01/01/1900 09:26";"1";"34";"34119";"1";"1";"4";"1";"D160";"43,585598";"3,116148"
"7858";"73";"8";"2";"2023";"01/01/1900 16:40";"2";"34";"34344";"1";"1";"7";"3";"Avenue de Carnon";"43,55728788";"4,03968573"
"7874";"74";"7";"2";"2023";"01/01/1900 18:55";"3";"34";"34129";"1";"1";"1";"7";"A709 - PK016.500 - BRETELLE ACCES SENS 1";"43,573019";"3,876007"
"7967";"75";"1";"5";"2023";"01/01/1900 15:45";"1";"34";"34095";"1";"1";"6";"7";"M114 PR 21+833";"43,516269";"3,767723"
"7979";"76";"1";"5";"2023";"01/01/1900 13:00";"1";"34";"34101";"1";"1";"1";"1";"D32 PR 53+276";"43,415967";"3,433496"
"7980";"77";"1";"5";"2023";"01/01/1900 19:00";"1";"34";"34267";"1";"1";"1";"7";"251 Chemin des Plos";"43,700093";"3,541423"
"8022";"78";"6";"6";"2023";"01/01/1900 18:50";"1";"34";"34047";"1";"1";"1";"6";"RD32";"43,541308";"3,485527"
"8072";"79";"7";"6";"2023";"01/01/1900 18:00";"1";"34";"34337";"1";"1";"1";"3";"5 Chemin du Boulidou";"43,525729";"3,83985"
"8367";"80";"8";"7";"2023";"01/01/1900 18:00";"1";"34";"34032";"2";"2";"1";"3";"ROUTE DE BEDARIEUX (RD.909)";"43,35547";"3,22194"
"8370";"81";"7";"7";"2023";"01/01/1900 21:57";"5";"34";"34032";"2";"2";"1";"3";"48 Avenue Camille Saint Saens";"43,34251";"3,22139"
"8373";"82";"7";"7";"2023";"01/01/1900 12:40";"1";"34";"34032";"2";"1";"1";"7";"Avenue Pierre Mendès-france";"43,34178";"3,2438"
"8666";"83";"30";"12";"2023";"01/01/1900 10:10";"1";"34";"34237";"1";"1";"1";"3";"départementale 15";"43,50076";"3,30269"
"8781";"84";"21";"3";"2023";"01/01/1900 17:20";"1";"34";"34301";"2";"1";"1";"3";"1026 Boulevard de Verdun";"43,41144";"3,68019"
"8899";"85";"23";"11";"2023";"01/01/1900 16:30";"2";"34";"34172";"2";"3";"1";"1";"VIEILLE POSTE (RUE DE LA";"43,61616";"3,91036"
"9034";"86";"17";"8";"2023";"01/01/1900 20:15";"1";"34";"34153";"1";"1";"1";"5";"D986";"43,732647";"3,793298"
"9140";"87";"19";"8";"2023";"01/01/1900 05:15";"2";"34";"34151";"1";"6";"1";"6";"RD 61";"43,596566";"4,10547"
"9143";"88";"18";"8";"2023";"01/01/1900 11:50";"1";"34";"34344";"2";"1";"1";"6";"Allee Andre Malraux";"43,561743";"4,087531"
"9145";"89";"20";"8";"2023";"01/01/1900 17:30";"1";"34";"34256";"1";"1";"1";"7";"N/A";"43,702754";"4,022788"
"9358";"90";"21";"9";"2023";"01/01/1900 00:00";"3";"34";"34135";"1";"1";"1";"2";"A9 point kilométrique 170+314";"43,277924";"3,184276"
"9425";"91";"14";"9";"2023";"01/01/1900 17:00";"1";"34";"34172";"2";"2";"1";"3";"HENRI (RUE)";"43,6172";"3,88074"
"9466";"92";"21";"10";"2023";"01/01/1900 18:30";"1";"34";"34299";"1";"6";"1";"6";"route de la maire";"43,281361";"3,288088"
"9567";"93";"20";"10";"2023";"01/01/1900 23:55";"5";"34";"34172";"2";"1";"1";"2";"FONTAINE DE CELLENEUVE (RUE DE LA)";"43,61173";"3,82765"
"9738";"94";"2";"8";"2023";"01/01/1900 07:30";"1";"34";"34150";"1";"1";"1";"2";"D51";"43,346357";"3,506441"
"9779";"95";"5";"2";"2023";"01/01/1900 22:30";"5";"34";"34032";"2";"1";"1";"6";"7 Avenue Colonel d'Ornano";"43,33895";"3,2101"
"10186";"96";"3";"6";"2023";"01/01/1900 17:25";"1";"34";"34088";"1";"3";"1";"3";"RM5";"43,560165";"3,728743"
"10254";"97";"22";"11";"2023";"01/01/1900 18:15";"5";"34";"34123";"2";"9";"1";"6";"rue romaine";"43,620654";"3,801334"
"10333";"98";"3";"6";"2023";"01/01/1900 17:30";"1";"34";"34051";"2";"1";"1";"6";"410 Chemin de la Sablière";"43,609496";"3,493291"
"10522";"99";"29";"12";"2023";"01/01/1900 18:30";"3";"34";"34129";"1";"1";"1";"1";"PEROLS D132 (AVENUE DE)";"43,56325";"3,92155"
"10681";"100";"20";"11";"2023";"01/01/1900 11:50";"1";"34";"34301";"2";"1";"1";"6";"BOSC (QUAI DE)";"43,40907";"3,69463"
"10688";"101";"22";"11";"2023";"01/01/1900 18:05";"5";"34";"34172";"2";"1";"1";"2";"MOULARES (CHEMIN DE";"43,5983";"3,89331"
"10749";"102";"21";"3";"2023";"01/01/1900 14:50";"1";"34";"34284";"2";"1";"8";"3";"84 Grand'Rue";"43,488015";"2,763024"
"10772";"103";"3";"6";"2023";"01/01/1900 17:45";"1";"34";"34143";"1";"3";"1";"6";"Allee Raimond Roger Trencavel";"43,448771";"3,606552"
"10779";"104";"14";"8";"2023";"01/01/1900 23:30";"5";"34";"34172";"2";"3";"1";"1";"EUCALYPTUS (RUE DES)";"43,62267661";"3,85458648"
"10780";"105";"3";"6";"2023";"01/01/1900 18:40";"1";"34";"34213";"1";"3";"1";"1";"RD2E5";"43,471063";"3,681182"
"10783";"106";"15";"8";"2023";"01/01/1900 12:40";"1";"34";"34003";"2";"1";"1";"2";"Avenue de la Butte";"43,29133";"3,51469"
"10785";"107";"9";"7";"2023";"01/01/1900 13:00";"1";"34";"34143";"1";"1";"1";"5";"RD 613";"43,43909273";"3,62463559"
"10786";"108";"4";"6";"2023";"01/01/1900 15:40";"1";"34";"34327";"2";"3";"1";"1";"8 Chemin des 4 Coins";"43,656159";"3,96217"
"10788";"109";"12";"12";"2023";"01/01/1900 09:00";"1";"34";"34332";"2";"3";"1";"3";"Boulevard de la Liberte";"43,310924";"3,418685"
"11057";"110";"19";"3";"2023";"01/01/1900 20:20";"3";"34";"34129";"1";"1";"1";"2";"Avenue de l’Europe";"43,570789";"3,897833"
"11064";"111";"19";"3";"2023";"01/01/1900 04:10";"4";"34";"34198";"1";"1";"2";"5";"M66";"43,56704";"3,95626"
"11193";"112";"16";"3";"2023";"01/01/1900 17:10";"1";"34";"34270";"1";"1";"1";"3";"2260 Route de Sete";"43,563278";"3,850145"
"11194";"113";"16";"9";"2023";"01/01/1900 14:50";"1";"34";"34031";"1";"1";"1";"1";"D612a";"43,333388";"3,424129"
"11197";"114";"20";"9";"2023";"01/01/1900 17:55";"1";"34";"34018";"1";"1";"8";"7";"D909";"43,496145";"3,187988"
"11207";"115";"18";"3";"2023";"01/01/1900 15:00";"1";"34";"34085";"1";"1";"8";"1";"D15";"43,456299";"3,268991"
"11209";"116";"16";"3";"2023";"01/01/1900 09:50";"1";"34";"34130";"1";"1";"1";"7";"2 Rue des Granges";"43,522678";"3,198674"
"11248";"117";"19";"3";"2023";"01/01/1900 16:30";"1";"34";"34060";"1";"1";"1";"1";"D122";"43,816395";"3,641014"
"11441";"118";"6";"2";"2023";"01/01/1900 20:10";"5";"34";"34079";"2";"1";"1";"7";"4 Rue Descartes";"43,634938";"3,433995"
"11474";"119";"5";"2";"2023";"01/01/1900 13:00";"1";"34";"34299";"2";"6";"1";"7";"30 Avenue Georges Pompidou";"43,26906824";"3,27500671"
"11593";"120";"7";"2";"2023";"01/01/1900 06:30";"3";"34";"34240";"1";"1";"3";"4";"A709 pk 005+300";"43,642224";"3,974008"
"11646";"121";"18";"10";"2023";"01/01/1900 08:15";"2";"34";"34108";"1";"1";"1";"5";"RD 612";"43,42068";"3,73614"
"11660";"122";"4";"2";"2023";"01/01/1900 16:40";"1";"34";"34172";"2";"3";"1";"3";"527 Avenue Saint Clément";"43,61805";"3,84405"
"11807";"123";"25";"4";"2023";"01/01/1900 14:00";"1";"34";"34255";"2";"1";"1";"3";"60 Avenue du Clapas";"43,689956";"3,807431"
"11810";"124";"14";"4";"2023";"01/01/1900 01:40";"3";"34";"34146";"1";"1";"1";"4";"Aire de Nabrigas (Embranchement d'autoroute)";"43,689578";"4,06352"
"12014";"125";"8";"7";"2023";"01/01/1900 09:45";"1";"34";"34172";"2";"1";"1";"3";"Passage Soixante Quinze";"43,599849";"3,866673"
"12028";"126";"16";"8";"2023";"01/01/1900 19:30";"1";"34";"34033";"1";"1";"1";"1";"D34";"43,746599";"4,091549"
"12254";"127";"3";"6";"2023";"01/01/1900 01:20";"5";"34";"34301";"2";"1";"1";"1";"12 Avenue Antoine de Saint Exupéry";"43,4129";"3,66457"
"12259";"128";"3";"6";"2023";"01/01/1900 20:00";"1";"34";"34172";"2";"3";"1";"3";"37 Rue de la Figairasse";"43,6054149";"3,85372147"
"12281";"129";"5";"7";"2023";"01/01/1900 18:00";"1";"34";"34127";"2";"1";"1";"7";"201 Route de Mauguio";"43,648117";"4,068943"
"12540";"130";"21";"11";"2023";"01/01/1900 17:00";"2";"34";"34172";"2";"2";"1";"3";"RABELAIS (BOULEVARD)";"43,6006";"3,87936"
"12545";"131";"21";"11";"2023";"01/01/1900 16:00";"1";"34";"34172";"2";"1";"1";"6";"CHASSEURS (RUE DES)";"43,59736";"3,86417"
"12551";"132";"21";"11";"2023";"01/01/1900 12:50";"1";"34";"34129";"2";"6";"1";"2";"GARE (ROND POINT DE LA)";"43,56816";"3,90339"
"12556";"133";"20";"11";"2023";"01/01/1900 15:22";"1";"34";"34172";"2";"1";"1";"1";"TOULOUSE (AVENUE DE";"43,58878";"3,85312"
"12631";"134";"26";"12";"2023";"01/01/1900 19:30";"3";"34";"34032";"2";"1";"1";"3";"HEMINGWAY ERNEST (BLD)";"43,36419";"3,22512"
"12825";"135";"7";"7";"2023";"01/01/1900 03:40";"3";"34";"34108";"1";"1";"1";"7";"RD 600";"43,4413";"3,71684"
"12903";"136";"1";"6";"2023";"01/01/1900 08:23";"1";"34";"34301";"2";"9";"1";"1";"695 Avenue des Eaux Blanches";"43,419443";"3,713282"
"12967";"137";"18";"3";"2023";"01/01/1900 15:30";"1";"34";"34095";"1";"1";"3";"1";"M185";"43,547708";"3,812943"
"13082";"138";"18";"9";"2023";"01/01/1900 17:30";"1";"34";"34202";"1";"1";"1";"3";"M5e5";"43,598489";"3,782451"
"13337";"139";"5";"2";"2023";"01/01/1900 16:45";"1";"34";"34232";"1";"1";"1";"1";"Départementale 19, PK 3+400";"43,485046";"3,04553"
"13355";"140";"20";"1";"2023";"01/01/1900 22:35";"3";"34";"34341";"1";"1";"1";"6";"D158e3";"43,48489";"3,609803"
"13791";"141";"22";"4";"2023";"01/01/1900 03:00";"3";"34";"34017";"1";"3";"1";"7";"D613";"43,476969";"3,456531"
"13851";"142";"26";"4";"2023";"01/01/1900 08:35";"1";"34";"34108";"2";"3";"1";"1";"14c Avenue des Vignerons";"43,44487";"3,75111"
"13852";"143";"24";"4";"2023";"01/01/1900 09:45";"1";"34";"34032";"2";"3";"1";"1";"49 Avenue Jean Moulin";"43,34751";"3,22108"
"14054";"144";"7";"7";"2023";"01/01/1900 21:35";"3";"34";"34047";"1";"1";"1";"6";"RD32";"43,541004";"3,485527"
"14137";"145";"21";"11";"2023";"01/01/1900 15:00";"1";"34";"34057";"2";"1";"1";"3";"720 Route de Nimes";"43,637566";"3,929586"
"14199";"146";"7";"7";"2023";"01/01/1900 16:30";"1";"34";"34090";"1";"1";"1";"3";"RM65";"43,659675";"3,938731"
"14505";"147";"29";"5";"2023";"01/01/1900 09:55";"1";"34";"34154";"1";"3";"1";"2";"3 Chemin du Bosc Viel";"43,603986";"3,998348"
"14508";"148";"2";"6";"2023";"01/01/1900 16:50";"1";"34";"34057";"1";"1";"1";"1";"RM65";"43,643265";"3,896059"
"14521";"149";"23";"12";"2023";"01/01/1900 05:35";"3";"34";"34032";"1";"1";"1";"1";"ROUTE DE BEDARIEUX (RD.909)";"43,38177";"3,2227"
"14526";"150";"22";"12";"2023";"01/01/1900 19:30";"3";"34";"34032";"2";"1";"1";"7";"LAZARE JOSEPH (AV)";"43,333746";"3,223159"
"14578";"151";"5";"7";"2023";"01/01/1900 19:40";"1";"34";"34172";"2";"1";"1";"3";"455 Rue de l'Industrie";"43,586938";"3,883274"
"14591";"152";"1";"7";"2023";"01/01/1900 10:15";"1";"34";"34032";"2";"3";"3";"1";"28 Impasse Anne Frank";"43,33643";"3,24382"
"14856";"153";"14";"3";"2023";"01/01/1900 18:14";"2";"34";"34003";"2";"9";"1";"3";"Route de Rochelongue";"43,289671";"3,481389"
"14861";"154";"28";"9";"2023";"01/01/1900 17:00";"1";"34";"34344";"2";"1";"1";"6";"Avenue de la Petite Motte";"43,567014";"4,074275"
"15096";"155";"24";"12";"2023";"01/01/1900 15:30";"1";"34";"34013";"2";"1";"1";"7";"CHEMIN DE TOURNEVEILLE";"43,56261";"3,44563"
"15126";"156";"17";"9";"2023";"01/01/1900 11:55";"1";"34";"34096";"1";"1";"3";"3";"D909";"43,575292";"3,171058"
"15175";"157";"16";"9";"2023";"01/01/1900 16:30";"1";"34";"34146";"1";"1";"1";"2";"Autoroute A9 - PK 80+500";"43,696797";"4,094338"
"15237";"158";"3";"2";"2023";"01/01/1900 07:30";"2";"34";"34108";"1";"1";"1";"7";"D2E2";"43,43967";"3,71787"
"15398";"159";"2";"2";"2023";"01/01/1900 12:10";"1";"34";"34172";"2";"6";"1";"2";"Avenue Ernest Hemingway";"43,63647";"3,83157"
"15540";"160";"17";"10";"2023";"01/01/1900 17:45";"1";"34";"34172";"2";"1";"2";"3";"VALERY (BOULEVARD PAUL";"43,59199";"3,85355"
"15636";"161";"23";"4";"2023";"01/01/1900 16:15";"1";"34";"34079";"1";"1";"3";"6";"A75 291+000";"43,641644";"3,44639"
"15655";"162";"11";"4";"2023";"01/01/1900 20:00";"1";"34";"34079";"2";"6";"1";"6";"D2 PR 2+250";"43,615301";"3,456023"
"15656";"163";"26";"4";"2023";"01/01/1900 15:15";"1";"34";"34334";"1";"1";"8";"7";"D14 PR 33+774";"43,530598";"2,992916"
"15684";"164";"25";"4";"2023";"01/01/1900 21:40";"2";"34";"34333";"1";"1";"2";"5";"D612 PR 15+56";"43,475221";"3,770757"
"15701";"165";"26";"4";"2023";"01/01/1900 11:35";"1";"34";"34213";"1";"1";"1";"1";"D600";"43,473197";"3,687029"
"15702";"166";"27";"4";"2023";"01/01/1900 18:24";"1";"34";"34272";"1";"1";"1";"1";"RD110";"43,667051";"4,105283"
"15753";"167";"25";"4";"2023";"01/01/1900 14:07";"1";"34";"34172";"2";"2";"1";"3";"2733 Avenue Albert Einstein";"43,61198";"3,93008"
"16035";"168";"30";"5";"2023";"01/01/1900 16:33";"1";"34";"34032";"2";"3";"1";"1";"Avenue Auguste Albertini";"43,35";"3,23749"
"16224";"169";"9";"8";"2023";"01/01/1900 13:45";"1";"34";"34301";"2";"1";"1";"3";"D'AUGIER PREVOT (RUE)";"43,40992";"3,68837"
"16228";"170";"4";"8";"2023";"01/01/1900 16:55";"1";"34";"34301";"2";"1";"1";"6";"MOULIN JEAN (RUE)";"43,41069";"3,68673"
"16233";"171";"11";"8";"2023";"01/01/1900 01:23";"5";"34";"34172";"2";"1";"1";"6";"LODEVE (AVENUE DE";"43,6133";"3,84183"
"16238";"172";"9";"8";"2023";"01/01/1900 16:00";"1";"34";"34172";"2";"1";"1";"6";"CELLENEUVE A SAINT HILAIRE (RUE DE)";"43,60563";"3,8298"
"16277";"173";"17";"11";"2023";"01/01/1900 19:30";"5";"34";"34284";"2";"1";"1";"1";"Avenue de la Gare";"43,486883";"2,772988"
"16340";"174";"17";"11";"2023";"01/01/1900 15:55";"1";"34";"34113";"1";"1";"1";"3";"Autotoute A9, PK 117.500, sens Sud Nord";"43,50564";"3,735909"
"16377";"175";"1";"6";"2023";"01/01/1900 07:34";"1";"34";"34036";"1";"9";"1";"6";"A75, PK 285+200, sens BEZIERS/MILLAU";"43,678076";"3,407521"
"16429";"176";"4";"7";"2023";"01/01/1900 14:30";"1";"34";"34003";"1";"1";"1";"6";"RD912";"43,31";"3,48548"
"16433";"177";"1";"6";"2023";"01/01/1900 12:40";"1";"34";"34142";"1";"1";"1";"7";"RD35";"43,731856";"3,292825"
"16437";"178";"1";"6";"2023";"01/01/1900 09:50";"1";"34";"34317";"1";"1";"1";"3";"D130";"43,793712";"3,489318"
"16554";"179";"16";"3";"2023";"01/01/1900 13:40";"1";"34";"34237";"1";"7";"1";"7";"8 Rue du Pont Second";"43,50144";"3,319687"
"16817";"180";"16";"3";"2023";"01/01/1900 12:58";"1";"34";"34332";"2";"4";"1";"3";"D912";"43,31375";"3,417242"
"16819";"181";"16";"3";"2023";"01/01/1900 18:45";"2";"34";"34335";"1";"6";"1";"3";"517f Camp Esprit";"43,59528";"3,128148"
"16857";"182";"15";"9";"2023";"01/01/1900 12:53";"1";"34";"34172";"2";"3";"1";"3";"LODEVE (AVENUE DE";"43,61362";"3,8392"
"16975";"183";"22";"12";"2023";"01/01/1900 16:35";"1";"34";"34172";"2";"1";"1";"3";"FIGAIRASSE (RUE DE LA)";"43,605834";"3,852705"
"17028";"184";"16";"9";"2023";"01/01/1900 02:38";"3";"34";"34270";"1";"1";"8";"1";"M132e2";"43,587028";"3,827711"
"17057";"185";"16";"9";"2023";"01/01/1900 06:02";"3";"34";"34130";"1";"1";"1";"4";"D909";"43,52214912";"3,18839028"
"17058";"186";"22";"12";"2023";"01/01/1900 20:40";"3";"34";"34016";"1";"1";"1";"6";"A750";"43,624399";"3,638747"
"17207";"187";"2";"2";"2023";"01/01/1900 08:30";"1";"34";"34150";"1";"1";"1";"2";"D32e8";"43,36493463";"3,51572885"
"17345";"188";"5";"1";"2023";"01/01/1900 10:45";"1";"34";"34245";"2";"1";"7";"6";"26 Grand Rue";"43,421547";"2,946836"
"17657";"189";"25";"4";"2023";"01/01/1900 08:45";"1";"34";"34058";"1";"1";"1";"3";"M610";"43,667435";"3,987001"
"17768";"190";"11";"8";"2023";"01/01/1900 16:30";"1";"34";"34146";"1";"1";"1";"1";"Route du Mas des Caves";"43,685928";"4,07684"
"17872";"191";"6";"7";"2023";"01/01/1900 09:50";"1";"34";"34344";"2";"1";"1";"6";"Avenue Jean Bene";"43,562007";"4,084645"
"18034";"192";"27";"5";"2023";"01/01/1900 19:00";"1";"34";"34003";"1";"9";"1";"6";"D612 PR 45+130";"43,30446";"3,50779"
"18124";"193";"9";"8";"2023";"01/01/1900 20:00";"1";"34";"34189";"2";"6";"1";"3";"Route de BEZIERS";"43,283758";"2,736293"
"18180";"194";"18";"11";"2023";"01/01/1900 05:28";"3";"34";"34135";"1";"1";"1";"2";"A9";"43,275341";"3,18286"
"18447";"195";"27";"5";"2023";"01/01/1900 18:05";"1";"34";"34032";"2";"1";"1";"6";"67 Avenue Jean Moulin";"43,34822";"3,22244"
"18522";"196";"15";"11";"2023";"01/01/1900 17:30";"2";"34";"34301";"2";"1";"1";"3";"VERDUN (BOULEVARD DE)";"43,4115";"3,6805"
"18526";"197";"17";"11";"2023";"01/01/1900 22:10";"5";"34";"34172";"2";"1";"1";"7";"BUGAREL (RUE DE";"43,59222";"3,85146"
"18596";"198";"30";"5";"2023";"01/01/1900 18:53";"1";"34";"34108";"2";"1";"1";"6";"RD129";"43,44871";"3,74154"
"18601";"199";"30";"5";"2023";"01/01/1900 12:15";"1";"34";"34172";"2";"9";"1";"2";"53 Rue de Montels-Eglise";"43,577545";"3,875036"
"18763";"200";"20";"12";"2023";"01/01/1900 14:00";"1";"34";"34032";"2";"3";"1";"3";"MOULIN JEAN (AV)";"43,35158";"3,23085"
"18771";"201";"14";"9";"2023";"01/01/1900 09:45";"1";"34";"34172";"2";"1";"1";"6";"SORBES (RUE DE LAS";"43,61336";"3,8501"
"18797";"202";"9";"3";"2023";"01/01/1900 08:45";"1";"34";"34032";"1";"1";"1";"5";"721 le Gasquinoy";"43,33592";"3,17934"
"18979";"203";"20";"1";"2023";"01/01/1900 16:50";"1";"34";"34023";"1";"1";"1";"6";"D600";"43,449881";"3,706577"
"19099";"204";"22";"12";"2023";"01/01/1900 21:45";"3";"34";"34321";"1";"1";"1";"2";"Route Nationale 113";"43,672761";"4,059382"
"19324";"205";"15";"10";"2023";"01/01/1900 02:30";"5";"34";"34172";"2";"1";"1";"1";"LIBERTE (AVENUE DE LA";"43,6088";"3,84431"
"19508";"206";"14";"10";"2023";"01/01/1900 22:40";"5";"34";"34172";"2";"3";"1";"3";"PONT TRINQUAT (AVENUE DU";"43,5955";"3,89679"
"19525";"207";"23";"4";"2023";"01/01/1900 13:25";"1";"34";"34340";"1";"1";"1";"1";"A9 aire d'ambrussum sud";"43,712177";"4,131052"
"19858";"208";"2";"7";"2023";"01/01/1900 18:09";"1";"34";"34172";"2";"2";"1";"3";"EUROPE (AVENUE DE L')";"43,63742";"3,82234"
"20132";"209";"17";"11";"2023";"01/01/1900 21:20";"3";"34";"34028";"1";"1";"1";"6";"D 35";"43,635702";"3,162947"
"20186";"210";"30";"5";"2023";"01/01/1900 01:00";"3";"34";"34296";"1";"1";"3";"6";"D610";"43,749645";"4,057775"
"20309";"211";"29";"5";"2023";"01/01/1900 19:45";"1";"34";"34108";"2";"1";"2";"6";"Avenue d’Ingril";"43,45229";"3,80925"
"20514";"212";"16";"11";"2023";"01/01/1900 19:50";"5";"34";"34172";"2";"1";"1";"2";"EINSTEIN (AVENUE ALBERT";"43,60536";"3,90117"
"20520";"213";"16";"11";"2023";"01/01/1900 13:50";"1";"34";"34172";"2";"1";"8";"2";"POUTINGON (CHEMIN DE)";"43,58498";"3,85584"
"20525";"214";"16";"11";"2023";"01/01/1900 08:15";"1";"34";"34172";"2";"3";"2";"3";"ORIENT (BOULEVARD D')";"43,60322";"3,88798"
"20540";"215";"29";"1";"2023";"01/01/1900 20:40";"5";"34";"34172";"2";"1";"1";"3";"46 Rue Adam de Craponne";"43,60498";"3,86491"
"20543";"216";"25";"1";"2023";"01/01/1900 15:24";"1";"34";"34003";"2";"6";"1";"6";"1 Rond Point des Vignerons";"43,30883";"3,47681"
"20668";"217";"12";"3";"2023";"01/01/1900 18:00";"1";"34";"34175";"1";"1";"1";"7";"D908";"43,606639";"3,373318"
"20734";"218";"5";"9";"2023";"01/01/1900 22:45";"5";"34";"34270";"2";"1";"1";"6";"Rue Maryse Hilsz";"43,55976";"3,839818"
"20800";"219";"9";"3";"2023";"01/01/1900 17:00";"1";"34";"34172";"2";"1";"1";"6";"1204 Avenue de la Justice de Castelnau";"43,6263";"3,88427"
"20861";"220";"27";"1";"2023";"01/01/1900 05:00";"4";"34";"34172";"1";"1";"1";"3";"A709";"43,590273";"3,898283"
"20985";"221";"21";"12";"2023";"01/01/1900 22:00";"5";"34";"34172";"2";"2";"1";"3";"CHAPTAL (RUE)";"43,60509";"3,87002"
"21179";"222";"22";"12";"2023";"01/01/1900 15:05";"1";"34";"34081";"1";"1";"1";"2";"D 162";"43,305645";"3,137214"
"21277";"223";"15";"10";"2023";"01/01/1900 16:45";"1";"34";"34270";"1";"9";"1";"6";"A709, voie d' insertion A709, sortie 32";"43,565381";"3,838434"
"21350";"224";"4";"7";"2023";"01/01/1900 09:00";"1";"34";"34123";"1";"1";"1";"4";"RN109";"43,611619";"3,801591"
"21413";"225";"13";"10";"2023";"01/01/1900 22:50";"5";"34";"34172";"2";"1";"1";"3";"DEZEUZE (RUE FRANCOIS)";"43,60875";"3,84194"
"21561";"226";"1";"7";"2023";"01/01/1900 18:00";"1";"34";"34003";"2";"1";"1";"6";"BAGNAS (CAMP NATURISTE";"43,29702";"3,517852"
"21573";"227";"16";"4";"2023";"01/01/1900 22:25";"5";"34";"34032";"2";"2";"1";"3";"STRASBOURG (BD DE)";"43,34779";"3,21693"
"21664";"228";"2";"7";"2023";"01/01/1900 02:10";"3";"34";"34154";"1";"1";"1";"2";"D62";"43,559014";"4,030094"
"21702";"229";"2";"7";"2023";"01/01/1900 07:10";"1";"34";"34006";"1";"1";"1";"6";"RD910";"43,323866";"2,782427"
"21738";"230";"20";"4";"2023";"01/01/1900 13:40";"1";"34";"34202";"2";"1";"1";"6";"71 Avenue du General Grollier";"43,585998";"3,772465"
"22028";"231";"4";"8";"2023";"01/01/1900 11:30";"1";"34";"34129";"1";"1";"1";"3";"MAUGUIO (ROUTE DE)";"43,57611";"3,926"
"22032";"232";"2";"8";"2023";"01/01/1900 15:00";"1";"34";"34172";"2";"1";"1";"6";"GARRATS (AVENUE DES)";"43,61168";"3,8389"
"22038";"233";"4";"8";"2023";"01/01/1900 08:10";"1";"34";"34003";"2";"1";"1";"1";"PASSEUR CHALLIES (J12 A M13";"43,28016";"3,50074"
"22129";"234";"28";"1";"2023";"01/01/1900 11:45";"1";"34";"34172";"2";"1";"1";"6";"235a Avenue Paul Bringuier";"43,61504";"3,83982"
"22182";"235";"9";"3";"2023";"01/01/1900 18:45";"1";"34";"34108";"2";"3";"1";"3";"10 Avenue du Muscat";"43,4434";"3,7492"
"22188";"236";"10";"3";"2023";"01/01/1900 20:00";"5";"34";"34172";"2";"1";"1";"2";"12 Avenue Henri Marès";"43,62042";"3,85619"
"22192";"237";"10";"3";"2023";"01/01/1900 07:00";"1";"34";"34172";"2";"2";"8";"1";"108 Avenue du Pont Juvénal";"43,6059";"3,8941"
"22197";"238";"9";"3";"2023";"01/01/1900 16:50";"1";"34";"34172";"2";"8";"1";"3";"23 Avenue du Professeur Grasset";"43,62378";"3,86745"
"22201";"239";"9";"3";"2023";"01/01/1900 12:00";"1";"34";"34172";"2";"9";"1";"3";"39 Rue de la Figairasse";"43,60486";"3,85585"
"22257";"240";"28";"5";"2023";"01/01/1900 16:50";"1";"34";"34301";"2";"1";"1";"7";"15 Rue de la Clavière";"43,41207";"3,68756"
"22344";"241";"11";"3";"2023";"01/01/1900 13:38";"1";"34";"34032";"1";"1";"1";"6";"A75 - PK 328 + 860";"43,373172";"3,289872"
"22411";"242";"17";"11";"2023";"01/01/1900 15:00";"1";"34";"34340";"1";"1";"1";"5";"A9 - PK 78.000";"43,716225";"4,13632"
"22427";"243";"17";"11";"2023";"01/01/1900 14:50";"1";"34";"34123";"2";"9";"1";"3";"M27e6";"43,610228";"3,803002"
"22445";"244";"17";"11";"2023";"01/01/1900 08:45";"1";"34";"34154";"1";"1";"1";"4";"cd172";"43,597223";"3,983177"
"22767";"245";"15";"11";"2023";"01/01/1900 20:35";"5";"34";"34172";"2";"2";"1";"3";"JUSTICE DE CASTELNAU (AVENUE DE LA)";"43,6268";"3,86999"
"22884";"246";"11";"9";"2023";"01/01/1900 17:08";"1";"34";"34032";"2";"1";"1";"3";"PEZENAS (ROUTE DE)";"43,35756";"3,2426"
"22886";"247";"11";"9";"2023";"01/01/1900 15:20";"1";"34";"34003";"2";"1";"1";"3";"MARCELLIN ALBERT (H15 A H16";"43,308";"3,47803"
"22984";"248";"20";"12";"2023";"01/01/1900 18:20";"3";"34";"34234";"1";"9";"1";"6";"D13";"43,533406";"3,227202"
"23023";"249";"20";"12";"2023";"01/01/1900 14:45";"1";"34";"34329";"1";"1";"6";"5";"Autoroute A9 PK 166+000";"43,30334579";"3,22158808"
"23095";"250";"12";"9";"2023";"01/01/1900 12:00";"1";"34";"34088";"1";"1";"1";"7";"d5";"43,571001";"3,739192"
"23320";"251";"1";"7";"2023";"01/01/1900 18:00";"1";"34";"34149";"1";"1";"1";"7";"RD15";"43,492261";"3,294847"
"23351";"252";"2";"7";"2023";"01/01/1900 03:45";"3";"34";"34154";"1";"4";"1";"4";"D66";"43,585427";"3,941152"
"23377";"253";"14";"10";"2023";"01/01/1900 06:30";"3";"34";"34145";"1";"2";"5";"1";"D61 ROUTE DE LA MER";"43,662124";"4,138402"
"23567";"254";"21";"4";"2023";"01/01/1900 10:50";"1";"34";"34199";"2";"3";"8";"3";"373 Avenue Général de Gaulle";"43,453156";"3,414221"
"23648";"255";"17";"4";"2023";"01/01/1900 13:45";"1";"34";"34032";"2";"2";"1";"3";"245 Rue de la Hotte";"43,33593";"3,27256"
"23779";"256";"20";"4";"2023";"01/01/1900 08:20";"1";"34";"34284";"2";"9";"1";"6";"12 Avenue de la Gare";"43,487739";"2,764395"
"23941";"257";"6";"8";"2023";"01/01/1900 02:05";"3";"34";"34114";"1";"1";"1";"6";"A750 pk 30+100";"43,65037745";"3,54230692"
"23947";"258";"5";"8";"2023";"01/01/1900 18:30";"1";"34";"34270";"2";"1";"1";"3";"D132E2";"43,586919";"3,830924"
"23989";"259";"26";"5";"2023";"01/01/1900 23:50";"5";"34";"34172";"1";"1";"1";"3";"Avenue Président Pierre Mendès France";"43,60766";"3,93128"
"24123";"260";"3";"8";"2023";"01/01/1900 11:50";"1";"34";"34251";"1";"1";"1";"7";"D25";"43,771545";"3,384266"
"24128";"261";"2";"8";"2023";"01/01/1900 10:50";"1";"34";"34074";"2";"1";"1";"1";"Chemin du Moulin Neuf";"43,451638";"3,05061"
"24244";"262";"26";"5";"2023";"01/01/1900 14:20";"1";"34";"34270";"2";"2";"1";"3";"21 Rue des Coteaux";"43,576489";"3,837753"
"24268";"263";"10";"3";"2023";"01/01/1900 10:25";"1";"34";"34130";"1";"2";"6";"3";"D909";"43,501364";"3,189165"
"24290";"264";"20";"1";"2023";"01/01/1900 18:40";"3";"34";"34028";"2";"1";"4";"7";"352 Impasse Rouanels";"43,621351";"3,153913"
"24306";"265";"26";"5";"2023";"01/01/1900 11:20";"1";"34";"34194";"2";"3";"1";"3";"70 Cours National";"43,539858";"3,458405"
"24310";"266";"28";"5";"2023";"01/01/1900 16:00";"1";"34";"34036";"2";"1";"1";"6";"6 route du Bosc";"43,70121";"3,371547"
"24321";"267";"16";"11";"2023";"01/01/1900 09:45";"1";"34";"34142";"1";"1";"1";"7";"Lodève";"43,697495";"3,338138"
"24329";"268";"26";"1";"2023";"01/01/1900 14:07";"1";"34";"34255";"2";"1";"1";"6";"4 Avenue du Clapas";"43,69042";"3,807294"
"24363";"269";"20";"1";"2023";"01/01/1900 08:00";"1";"34";"34052";"1";"1";"1";"1";"D16";"43,310762";"3,031558"
"24418";"270";"27";"5";"2023";"01/01/1900 04:40";"3";"34";"34058";"2";"1";"1";"6";"Esplanade Georges Frêche";"43,67441";"3,988503"
"24564";"271";"8";"3";"2023";"01/01/1900 19:10";"2";"34";"34172";"2";"2";"1";"3";"925 Avenue du Marché Gare";"43,58327";"3,88742"
"24707";"272";"19";"12";"2023";"01/01/1900 08:53";"1";"34";"34129";"2";"1";"7";"6";"JARDINS DE MAGUELONNE (CHEMIN DES)";"43,55695";"3,87572"
"24724";"273";"22";"6";"2023";"01/01/1900 13:25";"1";"34";"34270";"1";"1";"3";"2";"RM612";"43,559216";"3,848991"
"24842";"274";"14";"11";"2023";"01/01/1900 11:40";"1";"34";"34172";"2";"1";"1";"3";"VANIERES (AVENUE DE)";"43,59648";"3,8452"
"24844";"275";"13";"11";"2023";"01/01/1900 23:30";"5";"34";"34172";"2";"1";"1";"7";"MALBOSC (RUE DE)";"43,62693";"3,83143"
"24925";"276";"19";"12";"2023";"01/01/1900 23:30";"3";"34";"34281";"1";"1";"1";"6";"D2";"43,535218";"3,561952"
"24958";"277";"19";"12";"2023";"01/01/1900 11:20";"1";"34";"34145";"2";"1";"1";"6";"Quai Voltaire";"43,674627";"4,132115"
"25035";"278";"18";"12";"2023";"01/01/1900 05:00";"5";"34";"34172";"2";"2";"1";"3";"MOULINS (AVENUE DES";"43,63359";"3,84342"
"25036";"279";"17";"12";"2023";"01/01/1900 03:45";"5";"34";"34172";"2";"4";"1";"1";"MARES (AVENUE HENRI)";"43,62006";"3,85116"
"25037";"280";"15";"12";"2023";"01/01/1900 13:55";"1";"34";"34032";"2";"1";"1";"1";"MOURRUT DOCTEUR (BD)";"43,34547";"3,234"
"25116";"281";"30";"6";"2023";"01/01/1900 18:50";"1";"34";"34075";"1";"1";"1";"7";"D10E1 PR 003+800";"43,345904";"2,709857"
"25117";"282";"27";"6";"2023";"01/01/1900 13:00";"1";"34";"34240";"1";"3";"1";"1";"2 rue rené salvador";"43,618132";"3,957315"
"25187";"283";"29";"6";"2023";"01/01/1900 16:00";"1";"34";"34172";"2";"1";"1";"6";"58 Cours Gambetta";"43,608552";"3,869018"
"25188";"284";"29";"6";"2023";"01/01/1900 10:15";"1";"34";"34172";"2";"1";"1";"6";"1694 Avenue de la Justice de Castelnau";"43,62685";"3,889766"
"25202";"285";"9";"10";"2023";"01/01/1900 01:15";"4";"34";"34172";"2";"1";"1";"6";"CORSE (RUE DE)";"43,63527";"3,8117"
"25204";"286";"10";"10";"2023";"01/01/1900 13:00";"1";"34";"34003";"2";"1";"1";"6";"REVEILLE (D5 A E4 ET E12 A F11";"43,31508";"3,46825"
"25369";"287";"13";"10";"2023";"01/01/1900 09:50";"1";"34";"34166";"1";"1";"1";"2";"A9 PK 152+900";"43,362259";"3,355701"
"25376";"288";"13";"10";"2023";"01/01/1900 11:15";"1";"34";"34199";"2";"6";"1";"3";"D913";"43,451003";"3,416619"
"25445";"289";"20";"4";"2023";"01/01/1900 11:55";"1";"34";"34337";"2";"2";"1";"3";"Chemin de la Capouillere";"43,53004";"3,865892"
"25450";"290";"20";"4";"2023";"01/01/1900 17:35";"1";"34";"34154";"1";"1";"1";"4";"D66 PR 4+616";"43,592498";"3,940337"
"25640";"291";"6";"8";"2023";"01/01/1900 14:45";"1";"34";"34329";"1";"1";"1";"2";"A9";"43,295117";"3,198379"
"25718";"292";"6";"8";"2023";"01/01/1900 10:45";"1";"34";"34213";"1";"3";"1";"3";"Avenue de Sète";"43,474513";"3,678424"
"25721";"293";"5";"8";"2023";"01/01/1900 19:20";"1";"34";"34063";"1";"1";"1";"1";"D13e5";"43,493997";"3,383446"
"25724";"294";"4";"8";"2023";"01/01/1900 10:00";"1";"34";"34145";"2";"4";"1";"3";"Avenue de Mauguio";"43,67417";"4,127667"
"25736";"295";"24";"1";"2023";"01/01/1900 08:20";"1";"34";"34003";"2";"1";"1";"2";"19 Avenue du 8 Mai 1945";"43,3169";"3,475"
"25885";"296";"27";"5";"2023";"01/01/1900 00:15";"5";"34";"34108";"2";"1";"1";"6";"29 Avenue des Jardiniers";"43,451615";"3,756578"
"25890";"297";"26";"5";"2023";"01/01/1900 09:10";"1";"34";"34301";"2";"1";"1";"2";"26 Promenade Jean-Baptiste Marty";"43,39606";"3,69535"
"25895";"298";"24";"5";"2023";"01/01/1900 22:35";"5";"34";"34172";"2";"1";"1";"1";"1107 Avenue de Toulouse";"43,59298";"3,85948"
"25951";"299";"24";"1";"2023";"01/01/1900 16:30";"1";"34";"34172";"2";"1";"1";"6";"545 Avenue du Pont Trinquat";"43,59856";"3,89055"
"26202";"300";"7";"5";"2023";"01/01/1900 01:13";"3";"34";"34194";"1";"1";"1";"4";"A75 PK 305+342";"43,522134";"3,443313"
"26254";"301";"6";"3";"2023";"01/01/1900 18:00";"1";"34";"34344";"2";"1";"1";"7";"19 Allee des Palombes";"43,563846";"4,084613"
"26259";"302";"8";"2";"2023";"01/01/1900 15:40";"1";"34";"34344";"2";"2";"1";"3";"Allée de la Grande Pyramide";"43,56123";"4,076926"
"26313";"303";"27";"5";"2023";"01/01/1900 15:20";"1";"34";"34255";"1";"6";"1";"2";"RD986";"43,708462";"3,81879"
"26335";"304";"13";"11";"2023";"01/01/1900 13:00";"1";"34";"34116";"2";"1";"1";"1";"317 Rue de la Valsiere";"43,650145";"3,833881"
"26355";"305";"17";"10";"2023";"01/01/1900 07:00";"2";"34";"34022";"1";"1";"1";"6";"Route de Nimes";"43,661057";"4,027637"
"26445";"306";"5";"3";"2023";"01/01/1900 03:00";"5";"34";"34032";"2";"6";"1";"7";"BRANDT WILLY (RD POINT)";"43,34561";"3,2087"
"26729";"307";"22";"8";"2023";"01/01/1900 18:45";"1";"34";"34032";"1";"1";"1";"4";"A9 PK 168+800";"43,304366";"3,229809"
"26866";"308";"17";"12";"2023";"01/01/1900 13:20";"1";"34";"34108";"2";"3";"1";"1";"VIGNERONS (AVENUE DES)";"43,44647";"3,75333"
"26935";"309";"17";"12";"2023";"01/01/1900 17:20";"2";"34";"34338";"1";"1";"1";"1";"d908";"43,611083";"3,390527"
"26955";"310";"18";"12";"2023";"01/01/1900 17:40";"2";"34";"34153";"1";"1";"1";"1";"Le Réganel";"43,71296";"3,815153"
"26956";"311";"18";"12";"2023";"01/01/1900 06:40";"3";"34";"34146";"1";"1";"1";"2";"Autoroute A9 PK 82.470 direction Montpellier";"43,693228";"4,078889"
"27133";"312";"29";"6";"2023";"01/01/1900 13:40";"1";"34";"34150";"1";"3";"1";"3";"RD51";"43,389784";"3,537319"
"27144";"313";"29";"6";"2023";"01/01/1900 00:40";"3";"34";"34337";"1";"1";"1";"1";"RM185";"43,544753";"3,830688"
"27153";"314";"28";"6";"2023";"01/01/1900 18:30";"1";"34";"34054";"1";"1";"1";"2";"D12e3";"43,3893";"2,60155"
"27221";"315";"12";"10";"2023";"01/01/1900 06:50";"2";"34";"34270";"1";"1";"1";"1";"M132e2";"43,586872";"3,835698"
"27245";"316";"11";"10";"2023";"01/01/1900 19:15";"5";"34";"34134";"2";"3";"1";"1";"M5";"43,590059";"3,800942"
"27399";"317";"2";"8";"2023";"01/01/1900 10:04";"1";"34";"34108";"2";"1";"1";"2";"MUSCAT (AVENUE DU)";"43,44427";"3,75027"
"27403";"318";"1";"8";"2023";"01/01/1900 18:30";"1";"34";"34003";"2";"3";"1";"3";"EGALITE (F13 A H14";"43,30757";"3,4742"
"27525";"319";"3";"8";"2023";"01/01/1900 07:00";"1";"34";"34031";"1";"1";"1";"1";"D13";"43,346731";"3,438442"
"27576";"320";"29";"7";"2023";"01/01/1900 15:15";"1";"34";"34154";"1";"3";"1";"3";"D112";"43,627347";"4,000538"
"27580";"321";"2";"8";"2023";"01/01/1900 23:53";"3";"34";"34176";"1";"1";"1";"1";"D24";"43,635143";"4,048097"
"27696";"322";"17";"4";"2023";"01/01/1900 17:45";"1";"34";"34199";"2";"1";"1";"6";"13 Rue Victor Hugo";"43,45858";"3,42429"
"27699";"323";"18";"4";"2023";"01/01/1900 10:50";"1";"34";"34154";"2";"6";"1";"6";"193 Boulevard de la Democratie";"43,617409";"4,008148"
"27860";"324";"25";"5";"2023";"01/01/1900 16:44";"1";"34";"34172";"2";"1";"1";"6";"ZUCCARELLI (PONT JEAN)";"43,60038";"3,89665"
"27863";"325";"25";"5";"2023";"01/01/1900 07:20";"1";"34";"34172";"2";"1";"2";"3";"520 Rue de l'Industrie";"43,58586";"3,88257"
"28024";"326";"6";"3";"2023";"01/01/1900 18:20";"1";"34";"34326";"1";"1";"1";"6";"D907";"43,387756";"2,759371"
"28115";"327";"24";"5";"2023";"01/01/1900 14:15";"1";"34";"34123";"1";"1";"1";"2";"N109";"43,605964";"3,811316"
"28135";"328";"14";"11";"2023";"01/01/1900 15:29";"1";"34";"34077";"1";"1";"1";"1";"Avenue du Martinet";"43,649321";"3,884064"
"28154";"329";"25";"5";"2023";"01/01/1900 09:20";"1";"34";"34219";"2";"1";"1";"6";"D908";"43,528638";"2,83428"
"28164";"330";"13";"11";"2023";"01/01/1900 17:25";"2";"34";"34150";"2";"1";"1";"6";"Promenade de la Belle Scribote";"43,346364";"3,531337"
"28167";"331";"8";"11";"2023";"01/01/1900 07:18";"1";"34";"34130";"1";"2";"1";"5";"Intersection D909 / D136";"43,520917";"3,188921"
"28225";"332";"13";"11";"2023";"01/01/1900 15:05";"1";"34";"34199";"1";"2";"1";"3";"Chemin de Castres";"43,471453";"3,41619"
"28274";"333";"4";"3";"2023";"01/01/1900 10:50";"1";"34";"34172";"2";"1";"1";"6";"Rue de la Madeleine";"43,58303";"3,860631"
"28466";"334";"19";"2";"2023";"01/01/1900 10:30";"1";"34";"34199";"2";"1";"1";"6";"1 Rue Montmorency";"43,462173";"3,423142"
"28470";"335";"5";"1";"2023";"01/01/1900 14:33";"1";"34";"34057";"2";"1";"1";"6";"11 Avenue de la Moutte";"43,63432";"3,906316"
"28495";"336";"11";"11";"2023";"01/01/1900 17:55";"5";"34";"34172";"2";"3";"1";"3";"SAINT MAUR (AVENUE DE)";"43,61764";"3,89272"
"28551";"337";"4";"9";"2023";"01/01/1900 12:30";"1";"34";"34289";"1";"9";"1";"3";"D13";"43,382692";"3,420262"
"28555";"338";"9";"9";"2023";"01/01/1900 01:40";"3";"34";"34190";"1";"3";"1";"6";"D11 PR 18+830";"43,274956";"2,772031"
"28668";"339";"13";"11";"2023";"01/01/1900 16:30";"1";"34";"34273";"1";"1";"1";"3";"D908";"43,570349";"2,978663"
"28697";"340";"16";"12";"2023";"01/01/1900 20:30";"5";"34";"34172";"2";"1";"1";"6";"MENDES FRANCE (AVENUE PRESIDENT PIERRE";"43,60811";"3,92918"
"28820";"341";"8";"9";"2023";"01/01/1900 20:00";"1";"34";"34172";"2";"1";"1";"6";"SABATIER D'ESPEYRAN (AVENUE FREDERIC)";"43,62651";"3,86653"
"28942";"342";"27";"6";"2023";"01/01/1900 09:20";"1";"34";"34172";"2";"4";"1";"6";"261 Rue de Puech Villa";"43,64139";"3,83493"
"28943";"343";"25";"6";"2023";"01/01/1900 10:40";"1";"34";"34003";"1";"1";"1";"6";"RD51";"43,320358";"3,47606"
"29052";"344";"24";"6";"2023";"01/01/1900 19:10";"1";"34";"34213";"2";"1";"1";"6";"Rue Marcel Palat";"43,486679";"3,670087"
"29053";"345";"28";"6";"2023";"01/01/1900 10:50";"1";"34";"34296";"2";"1";"1";"6";"195 Chemin de l’Escouo Port";"43,759104";"4,052582"
"29077";"346";"26";"9";"2023";"01/01/1900 21:15";"5";"34";"34172";"2";"1";"1";"7";"MONTELS-EGLISE (RUE DE)";"43,58307";"3,8871"
"29078";"347";"7";"10";"2023";"01/01/1900 15:45";"1";"34";"34003";"2";"1";"1";"5";"HYPER U (PARKINGS)";"43,29872";"3,47765"
"29276";"348";"1";"8";"2023";"01/01/1900 12:30";"1";"34";"34187";"2";"9";"1";"6";"Route de St Pons";"43,553431";"2,904961"
"29307";"349";"1";"8";"2023";"01/01/1900 09:55";"1";"34";"34095";"1";"1";"1";"6";"A9 aire de service de Montpellier-Fabrègues";"43,543342";"3,791152"
"29314";"350";"2";"8";"2023";"01/01/1900 08:24";"1";"34";"34202";"1";"2";"1";"2";"M5";"43,585829";"3,789599"
"29324";"351";"1";"8";"2023";"01/01/1900 17:50";"1";"34";"34299";"2";"3";"1";"3";"Rue Leo Lagrange";"43,277916";"3,269881"
"29514";"352";"14";"4";"2023";"01/01/1900 18:15";"1";"34";"34123";"1";"1";"2";"6";"N109";"43,615738";"3,798153"
"29664";"353";"16";"4";"2023";"01/01/1900 22:20";"3";"34";"34289";"1";"1";"1";"6";"D18 PR 19+525";"43,389303";"3,396566"
"29796";"354";"10";"4";"2023";"01/01/1900 15:00";"1";"34";"34301";"2";"3";"1";"3";"59 Boulevard Camille Blanc";"43,407557";"3,668573"
"29940";"355";"14";"4";"2023";"01/01/1900 21:20";"3";"34";"34123";"1";"1";"1";"7";"N109";"43,628876";"3,780194"
"29948";"356";"14";"4";"2023";"01/01/1900 21:35";"4";"34";"34095";"1";"1";"1";"2";"RM613 PR 41+550";"43,528816";"3,744803"
"30111";"357";"2";"3";"2023";"01/01/1900 17:45";"2";"34";"34003";"2";"1";"1";"6";"Route de Sete";"43,307622";"3,49481"
"30262";"358";"5";"3";"2023";"01/01/1900 14:55";"1";"34";"34150";"1";"1";"1";"7";"D51";"43,350336";"3,51172"
"30265";"359";"4";"3";"2023";"01/01/1900 06:45";"2";"34";"34147";"1";"1";"1";"2";"D909";"43,455878";"3,207514"
"30268";"360";"24";"2";"2023";"01/01/1900 08:45";"1";"34";"34130";"1";"1";"1";"5";"D909";"43,522149";"3,18839"
"30316";"361";"5";"3";"2023";"01/01/1900 03:15";"4";"34";"34095";"1";"1";"1";"2";"A9";"43,51477";"3,747518"
"30413";"362";"11";"11";"2023";"01/01/1900 06:20";"3";"34";"34129";"1";"1";"1";"2";"PALAVAS D986 (ROUTE DE)";"43,571";"3,89612"
"30437";"363";"23";"5";"2023";"01/01/1900 13:30";"1";"34";"34148";"1";"1";"1";"1";"Chemin de Tabarka";"43,369119";"3,172431"
"30441";"364";"14";"12";"2023";"01/01/1900 19:10";"5";"34";"34003";"2";"6";"1";"3";"MONACO (F16 A G15";"43,311";"3,478"
"30685";"365";"26";"6";"2023";"01/01/1900 07:45";"1";"34";"34172";"2";"4";"1";"1";"1682 Rue de la Valsière";"43,64033";"3,82872"
"30686";"366";"13";"12";"2023";"01/01/1900 14:50";"1";"34";"34022";"1";"4";"1";"2";"N113";"43,661057";"4,027798"
"30687";"367";"8";"9";"2023";"01/01/1900 18:05";"2";"34";"34119";"2";"1";"1";"6";"Avenue de Bédarieux";"43,593891";"3,117322"
"30783";"368";"6";"9";"2023";"01/01/1900 22:43";"3";"34";"34301";"1";"1";"1";"1";"RD 612";"43,331598";"3,56282"
"30848";"369";"26";"6";"2023";"01/01/1900 21:30";"2";"34";"34239";"1";"1";"1";"6";"D4";"43,640753";"3,494993"
"30918";"370";"27";"6";"2023";"01/01/1900 17:35";"1";"34";"34199";"1";"1";"1";"6";"371 Route de Montpellier";"43,469023";"3,431077"
"30921";"371";"26";"6";"2023";"01/01/1900 19:15";"1";"34";"34176";"1";"3";"1";"2";"carrefour D24 / D 172";"43,636937";"4,059051"
"30982";"372";"6";"9";"2023";"01/01/1900 14:15";"1";"34";"34301";"2";"9";"1";"6";"BLANC CAMILLE (BOULEVARD)";"43,40813";"3,67019"
"30984";"373";"7";"9";"2023";"01/01/1900 12:10";"1";"34";"34172";"2";"1";"1";"3";"TOULOUSE (AVENUE DE";"43,58703";"3,85323"
"31032";"374";"9";"10";"2023";"01/01/1900 18:49";"2";"34";"34329";"1";"6";"1";"7";"D64";"43,294458";"3,219402"
"31136";"375";"9";"10";"2023";"01/01/1900 07:05";"3";"34";"34148";"1";"1";"1";"1";"D612";"43,360504";"3,176326"
"31180";"376";"9";"10";"2023";"01/01/1900 00:15";"3";"34";"34154";"1";"9";"1";"6";"D62";"43,559267";"4,029712"
"31257";"377";"20";"1";"2023";"01/01/1900 12:20";"1";"34";"34172";"2";"1";"1";"3";"587 Avenue de la Justice de Castelnau";"43,62634";"3,87665"
"31481";"378";"28";"7";"2023";"01/01/1900 14:45";"1";"34";"34172";"1";"1";"1";"2";"A709";"43,599855";"3,9176"
"31490";"379";"30";"7";"2023";"01/01/1900 02:00";"3";"34";"34213";"1";"1";"1";"6";"D2";"43,510445";"3,645406"
"31491";"380";"29";"7";"2023";"01/01/1900 10:30";"1";"34";"34209";"1";"1";"1";"2";"RD612";"43,3131124";"3,32988796"
"31492";"381";"30";"7";"2023";"01/01/1900 12:55";"1";"34";"34154";"1";"1";"1";"3";"RD189";"43,610539";"3,973145"
"31528";"382";"27";"7";"2023";"01/01/1900 10:45";"1";"34";"34301";"2";"6";"1";"6";"4 Place Delille";"43,4047";"3,7009"
"31861";"383";"14";"4";"2023";"01/01/1900 12:30";"1";"34";"34163";"1";"3";"1";"3";"D619 PR 4+752";"43,631168";"3,702993"
"31881";"384";"10";"11";"2023";"01/01/1900 15:55";"1";"34";"34327";"2";"2";"1";"6";"7 avenue de la gare";"43,658012";"3,96827"
"32067";"385";"13";"4";"2023";"01/01/1900 15:50";"1";"34";"34172";"2";"1";"1";"3";"161 Rue Marius Carrieu";"43,6166";"3,84172"
"32069";"386";"12";"4";"2023";"01/01/1900 18:45";"1";"34";"34172";"2";"1";"1";"3";"82 Avenue d'Assas";"43,61777";"3,86013"
"32212";"387";"4";"3";"2023";"01/01/1900 12:05";"1";"34";"34240";"1";"1";"1";"3";"Retail Park Saint-Aunès (Zone commerciale)";"43,651098";"3,983445"
"32241";"388";"5";"11";"2023";"01/01/1900 17:00";"1";"34";"34301";"2";"3";"1";"3";"VERDUN (BOULEVARD DE)";"43,41164";"3,68986"
"32245";"389";"10";"11";"2023";"01/01/1900 21:30";"5";"34";"34198";"2";"1";"1";"2";"D21  ROUTE DE CARNON";"43,57753";"3,93653"
"32251";"390";"10";"11";"2023";"01/01/1900 13:50";"1";"34";"34172";"2";"2";"1";"3";"LAVERUNE (ROUTE DE";"43,60021";"3,84424"
"32255";"391";"10";"11";"2023";"01/01/1900 14:05";"1";"34";"34172";"2";"1";"1";"1";"RAVAZ (AVENUE DU PROFESSEUR LOUIS";"43,62578";"3,83985"
"32259";"392";"9";"11";"2023";"01/01/1900 16:30";"1";"34";"34172";"2";"1";"1";"6";"COMTE DE NICE (AVENUE DU)";"43,64179";"3,81273"
"32294";"393";"25";"6";"2023";"01/01/1900 11:45";"1";"34";"34129";"2";"3";"1";"6";"1e Rue des Chevaliers de Malte";"43,57212";"3,9019"
"32299";"394";"25";"6";"2023";"01/01/1900 10:45";"1";"34";"34003";"1";"1";"1";"5";"RD612";"43,31342";"3,5276"
"32537";"395";"25";"6";"2023";"01/01/1900 18:40";"2";"34";"34239";"2";"4";"1";"2";"12 Avenue de Lodève";"43,650462";"3,502235"
"32961";"396";"8";"10";"2023";"01/01/1900 08:10";"3";"34";"34199";"1";"1";"1";"7";"Route de Tourbes";"43,450668";"3,40559"
"33395";"397";"28";"7";"2023";"01/01/1900 10:36";"1";"34";"34032";"2";"1";"1";"6";"32 Boulevard Frédéric Mistral";"43,34716";"3,21857"
"33396";"398";"28";"7";"2023";"01/01/1900 16:10";"1";"34";"34003";"2";"1";"1";"3";"8 Avenue des Alizes";"43,281082";"3,493435"
"33397";"399";"27";"7";"2023";"01/01/1900 18:20";"1";"34";"34003";"1";"1";"1";"2";"RD612";"43,2975";"3,47783"
"33487";"400";"29";"7";"2023";"01/01/1900 09:00";"1";"34";"34284";"1";"9";"1";"1";"D907";"43,463946";"2,758577"
"33661";"401";"10";"11";"2023";"01/01/1900 10:40";"1";"34";"34154";"2";"2";"1";"6";"Boulevard de la Liberte";"43,615607";"4,012311"
"33712";"402";"26";"2";"2023";"01/01/1900 17:10";"1";"34";"34172";"2";"1";"1";"3";"866 Avenue du Professeur Louis Ravaz";"43,6219";"3,84683"
"33802";"403";"13";"4";"2023";"01/01/1900 10:52";"1";"34";"34162";"1";"1";"1";"6";"D613";"43,478504";"3,46049"
"33988";"404";"4";"1";"2023";"01/01/1900 16:35";"1";"34";"34344";"2";"1";"1";"3";"Esplanade Maurice Justin";"43,556339";"4,08568"
"34312";"405";"25";"6";"2023";"01/01/1900 04:30";"3";"34";"34113";"1";"1";"1";"3";"A9";"43,48548207";"3,7001769"
"34353";"406";"24";"6";"2023";"01/01/1900 15:10";"1";"34";"34057";"1";"1";"1";"3";"RM65";"43,650726";"3,920467"
"34391";"407";"16";"5";"2023";"01/01/1900 03:30";"3";"34";"34108";"1";"1";"6";"6";"Avenue des Etangs";"43,44821";"3,79702"
"34399";"408";"19";"5";"2023";"01/01/1900 19:00";"1";"34";"34172";"2";"2";"3";"1";"18 Boulevard Pedro de Luna";"43,595822";"3,868306"
"34512";"409";"13";"12";"2023";"01/01/1900 07:15";"3";"34";"34172";"1";"6";"1";"2";"AURIOL (AVENUE VINCENT)";"43,64502";"3,85216"
"34612";"410";"6";"9";"2023";"01/01/1900 16:35";"1";"34";"34052";"1";"1";"1";"6";"route departementale 11";"43,324569";"3,057504"
"34662";"411";"8";"12";"2023";"01/01/1900 17:39";"5";"34";"34057";"2";"1";"1";"1";"Avenue Marcel Dassault";"43,623747";"3,91587"
"34768";"412";"5";"9";"2023";"01/01/1900 08:20";"1";"34";"34301";"2";"7";"8";"6";"REPUBLIQUE (QUAI DE LA)";"43,4044";"3,701"
"34770";"413";"5";"9";"2023";"01/01/1900 19:00";"1";"34";"34172";"2";"1";"1";"3";"PILORY (RUE DU)";"43,61668";"3,82489"
"34771";"414";"5";"9";"2023";"01/01/1900 12:40";"1";"34";"34172";"1";"1";"1";"1";"Avenue Léon Jouhaux";"43,60763";"3,82095"
"34773";"415";"4";"9";"2023";"01/01/1900 09:40";"1";"34";"34172";"2";"1";"1";"1";"LIBERTE (AVENUE DE LA";"43,61165";"3,82715"
"34845";"416";"12";"12";"2023";"01/01/1900 18:00";"5";"34";"34172";"2";"1";"1";"3";"GARRATS (AVENUE DES)";"43,61195";"3,8388"
"34862";"417";"7";"10";"2023";"01/01/1900 11:15";"1";"34";"34300";"1";"1";"1";"1";"D 18";"43,420708";"3,300403"
"34908";"418";"4";"10";"2023";"01/01/1900 16:00";"1";"34";"34113";"2";"1";"1";"6";"Rue de la Cave Cooperative";"43,502094";"3,715445"
"34909";"419";"7";"10";"2023";"01/01/1900 20:05";"3";"34";"34145";"1";"3";"1";"1";"D61";"43,662128";"4,138391"
"34910";"420";"6";"10";"2023";"01/01/1900 16:40";"1";"34";"34327";"1";"1";"1";"2";"N113";"43,653109";"3,980312"
"35037";"421";"5";"10";"2023";"01/01/1900 15:00";"1";"34";"34032";"1";"9";"1";"1";"ROUTE DEPARTEMENTALE 612";"43,3585";"3,17537"
"35222";"422";"15";"1";"2023";"01/01/1900 06:45";"5";"34";"34172";"2";"7";"1";"7";"210 Rue Mathieu Laurens";"43,60525";"3,8921"
"35223";"423";"15";"1";"2023";"01/01/1900 02:40";"5";"34";"34172";"2";"3";"1";"2";"679 Avenue des Prés d'Arènes";"43,59154";"3,88221"
"35242";"424";"28";"7";"2023";"01/01/1900 23:15";"3";"34";"34167";"1";"1";"1";"6";"RD16";"43,287101";"3,022624"
"35369";"425";"13";"6";"2023";"01/01/1900 19:15";"1";"34";"34301";"1";"1";"1";"3";"Route de Pontmartin";"43,407279";"3,711735"
"35588";"426";"23";"6";"2023";"01/01/1900 20:15";"1";"34";"34301";"1";"1";"1";"2";"RD2";"43,415088";"3,702501"
"35591";"427";"23";"6";"2023";"01/01/1900 14:15";"1";"34";"34129";"2";"1";"1";"3";"RM132";"43,56049662";"3,94190378"
"35594";"428";"23";"6";"2023";"01/01/1900 08:58";"1";"34";"34129";"2";"3";"1";"3";"62 traverse du mas rouge.";"43,58574";"3,91988"
"35599";"429";"12";"4";"2023";"01/01/1900 13:00";"1";"34";"34027";"1";"1";"1";"1";"M120";"43,72087";"4,006577"
"35610";"430";"22";"10";"2023";"01/01/1900 00:40";"3";"34";"34129";"2";"6";"1";"7";"MAUGUIO (ROUTE DE)";"43,57716";"3,93316"
"35693";"431";"19";"5";"2023";"01/01/1900 16:20";"1";"34";"34095";"1";"1";"1";"2";"M613 PR 39+605";"43,537925";"3,760178"
"35730";"432";"11";"4";"2023";"01/01/1900 16:00";"1";"34";"34129";"2";"1";"1";"6";"71 Avenue de Boirargues";"43,57164";"3,90609"
"35978";"433";"19";"5";"2023";"01/01/1900 12:30";"1";"34";"34157";"2";"6";"1";"6";"Place Baptiste Milhau";"43,427258";"3,604551"
"35981";"434";"19";"5";"2023";"01/01/1900 15:40";"1";"34";"34052";"2";"1";"1";"6";"Intermarché (Supermarché)";"43,326403";"3,051614"
"35986";"435";"19";"5";"2023";"01/01/1900 18:20";"2";"34";"34022";"2";"1";"3";"3";"17 Rue des Amaryllis";"43,656183";"4,005375"
"35991";"436";"19";"5";"2023";"01/01/1900 12:40";"1";"34";"34058";"2";"3";"1";"3";"47 Avenue de la Gare";"43,675054";"3,989791"
"36128";"437";"28";"2";"2023";"01/01/1900 19:10";"3";"34";"34270";"2";"3";"1";"3";"M612";"43,58186";"3,848079"
"36170";"438";"1";"2";"2023";"01/01/1900 12:00";"1";"34";"34284";"2";"1";"1";"6";"Grand'Rue";"43,488389";"2,761039"
"36469";"439";"5";"9";"2023";"01/01/1900 15:30";"1";"34";"34154";"1";"1";"1";"3";"CD189";"43,600843";"3,957964"
"36670";"440";"12";"12";"2023";"01/01/1900 18:20";"3";"34";"34327";"1";"1";"1";"1";"N113";"43,650039";"3,957664"
"36754";"441";"11";"12";"2023";"01/01/1900 15:40";"1";"34";"34172";"2";"1";"1";"2";"VIEUSSENS (BOULEVARD)";"43,60055";"3,87912"
"36914";"442";"16";"1";"2023";"01/01/1900 20:10";"4";"34";"34294";"1";"1";"1";"5";"A9";"43,70819373";"4,12386256"
"37010";"443";"14";"1";"2023";"01/01/1900 15:25";"1";"34";"34338";"1";"1";"1";"4";"D908";"43,61698477";"3,40955893"
"37167";"444";"28";"7";"2023";"01/01/1900 07:10";"1";"34";"34064";"1";"1";"1";"6";"A75";"43,855008";"3,307893"
"37204";"445";"28";"7";"2023";"01/01/1900 00:35";"3";"34";"34299";"1";"1";"3";"6";"Route de la Maïre";"43,281829";"3,308794"
"37275";"446";"25";"7";"2023";"01/01/1900 16:45";"1";"34";"34003";"1";"1";"6";"7";"Lieu-dit Les Verdisses";"43,298684";"3,442181"
"37425";"447";"22";"6";"2023";"01/01/1900 01:15";"5";"34";"34172";"2";"1";"1";"1";"151 Avenue du Pont Trinquat";"43,60048";"3,8868"
"37426";"448";"15";"6";"2023";"01/01/1900 11:00";"1";"34";"34003";"2";"6";"1";"3";"Rond-point Tours de Saint-Martin";"43,28303471";"3,49778026"
"37523";"449";"16";"5";"2023";"01/01/1900 12:00";"1";"34";"34003";"2";"1";"1";"6";"21 Avenue des Sergents";"43,28615";"3,51343"
"37606";"450";"19";"6";"2023";"01/01/1900 17:17";"1";"34";"34197";"1";"3";"1";"3";"RD128";"43,560934";"3,410423"
"37607";"451";"22";"6";"2023";"01/01/1900 18:40";"1";"34";"34074";"1";"3";"1";"1";"RD14";"43,437741";"3,074182"
"37613";"452";"7";"11";"2023";"01/01/1900 22:15";"5";"34";"34172";"2";"1";"1";"1";"MILHAUD (BOULEVARD BENJAMIN)";"43,61144";"3,85893"
"37617";"453";"7";"11";"2023";"01/01/1900 14:10";"1";"34";"34172";"2";"6";"1";"2";"ZENITH (ROND POINT DU)";"43,607959";"3,929875"
"37621";"454";"7";"11";"2023";"01/01/1900 08:15";"1";"34";"34129";"2";"1";"1";"1";"PLATANES (AVENUES DES)";"43,5867";"3,91719"
"37624";"455";"7";"11";"2023";"01/01/1900 06:50";"2";"34";"34172";"2";"1";"1";"1";"LODEVE (ROUTE DE)";"43,6153";"3,82158"
"37817";"456";"16";"5";"2023";"01/01/1900 13:15";"1";"34";"34142";"2";"1";"1";"6";"72 Avenue de Premerlet";"43,734319";"3,31685"
"37879";"457";"5";"11";"2023";"01/01/1900 13:25";"1";"34";"34270";"2";"1";"1";"1";"Chemin du Puech Long";"43,57667303";"3,8484925"
"37895";"458";"6";"11";"2023";"01/01/1900 16:00";"1";"34";"34150";"1";"1";"1";"1";"Avenue du Soleil";"43,320647";"3,53933"
"37945";"459";"25";"2";"2023";"01/01/1900 12:00";"1";"34";"34317";"1";"1";"1";"6";"RD 9 PK 14+700";"43,781574";"3,463464"
"37965";"460";"7";"11";"2023";"01/01/1900 16:28";"1";"34";"34009";"1";"2";"1";"5";"N/A";"43,47138282";"3,37583223"
"38079";"461";"9";"4";"2023";"01/01/1900 00:44";"5";"34";"34154";"2";"5";"1";"3";"D62e2";"43,548735";"3,979915"
"38133";"462";"26";"2";"2023";"01/01/1900 14:30";"1";"34";"34300";"1";"1";"1";"7";"D18";"43,413007";"3,324433"
"38137";"463";"8";"4";"2023";"01/01/1900 15:10";"1";"34";"34172";"1";"1";"1";"4";"A 709 PK 11+300";"43,602895";"3,925209"
"38288";"464";"9";"4";"2023";"01/01/1900 11:05";"1";"34";"34301";"2";"3";"1";"1";"934 Boulevard de Verdun";"43,411913";"3,681189"
"38308";"465";"28";"8";"2023";"01/01/1900 12:15";"1";"34";"34332";"1";"1";"1";"2";"route departementale 612";"43,312064";"3,39529"
"38381";"466";"9";"4";"2023";"01/01/1900 15:45";"1";"34";"34217";"2";"9";"1";"3";"808 Route de Mende";"43,703215";"3,866592"
"38389";"467";"11";"12";"2023";"01/01/1900 18:10";"3";"34";"34202";"1";"1";"9";"3";"Départementale 5";"43,575199";"3,747067"
"38466";"468";"10";"4";"2023";"01/01/1900 15:25";"1";"34";"34154";"1";"1";"1";"1";"D189 PR 6+722";"43,606247";"3,968012"
"38531";"469";"10";"12";"2023";"01/01/1900 00:18";"5";"34";"34172";"2";"1";"1";"7";"BERGAMOTES (AVENUE DES)";"43,58311";"3,85678"
"38697";"470";"11";"12";"2023";"01/01/1900 08:45";"1";"34";"34009";"1";"1";"1";"7";"D 125";"43,463456";"3,34391"
"38949";"471";"13";"1";"2023";"01/01/1900 23:20";"5";"34";"34172";"2";"2";"1";"3";"Place du Huit Mai 1945";"43,60119";"3,86828"
"38951";"472";"13";"1";"2023";"01/01/1900 08:20";"1";"34";"34172";"2";"1";"1";"5";"255 Avenue des Garrats";"43,6112";"3,83889"
"39217";"473";"17";"3";"2023";"01/01/1900 15:25";"1";"34";"34146";"1";"1";"1";"6";"A9 PK 82.700";"43,691307";"4,072562"
"39477";"474";"21";"6";"2023";"01/01/1900 14:53";"1";"34";"34155";"1";"1";"1";"7";"RD162";"43,36073";"3,117977"
"39507";"475";"5";"11";"2023";"01/01/1900 08:35";"1";"34";"34108";"2";"2";"1";"1";"MURIERS (AVENUE DES)";"43,44774";"3,75098"
"39546";"476";"17";"5";"2023";"01/01/1900 19:00";"1";"34";"34172";"2";"1";"1";"1";"210 Rue Jacques Monod";"43,59512";"3,84037"
"39752";"477";"18";"5";"2023";"01/01/1900 07:05";"1";"34";"34240";"1";"1";"1";"2";"A709";"43,650889";"3,986621"
"39922";"478";"15";"5";"2023";"01/01/1900 16:45";"1";"34";"34172";"2";"2";"1";"3";"15bis Avenue Charles Flahault";"43,6239";"3,86205"
"40084";"479";"23";"2";"2023";"01/01/1900 01:25";"5";"34";"34032";"2";"1";"1";"6";"Route d’Agde";"43,32639";"3,24582"
"40086";"480";"30";"7";"2023";"01/01/1900 10:50";"1";"34";"34032";"1";"1";"1";"2";"A75";"43,369681";"3,283031"
"40270";"481";"2";"9";"2023";"01/01/1900 01:45";"3";"34";"34163";"1";"1";"1";"5";"A750 PK 17.000";"43,63301273";"3,72953979"
"40329";"482";"7";"4";"2023";"01/01/1900 09:00";"1";"34";"34172";"2";"6";"1";"3";"CHATEAU D'O (ROND-POINT DU)";"43,63157";"3,84266"
"40331";"483";"7";"4";"2023";"01/01/1900 22:15";"5";"34";"34003";"2";"1";"1";"2";"9 Rue de l’Oliveraie";"43,302224";"3,484422"
"40432";"484";"10";"12";"2023";"01/01/1900 09:00";"1";"34";"34154";"2";"5";"1";"3";"D62e2";"43,548781";"3,979819"
"40558";"485";"1";"9";"2023";"01/01/1900 10:20";"1";"34";"34003";"2";"1";"1";"6";"Boulevard du Soleil";"43,3041";"3,4841"
"40662";"486";"8";"12";"2023";"01/01/1900 19:40";"3";"34";"34129";"2";"1";"1";"2";"PALAVAS D986 (ROUTE DE)";"43,57471";"3,8972"
"40664";"487";"8";"12";"2023";"01/01/1900 14:05";"1";"34";"34172";"2";"1";"1";"4";"BLAYAC (RUE DU PROFESSEUR)";"43,6259";"3,82402"
"40665";"488";"8";"12";"2023";"01/01/1900 07:10";"2";"34";"34172";"2";"1";"2";"3";"RABELAIS (BOULEVARD)";"43,60058";"3,87938"
"40763";"489";"13";"1";"2023";"01/01/1900 20:00";"3";"34";"34103";"2";"3";"1";"6";"18 Avenue Paul Valéry";"43,539241";"3,381508"
"40789";"490";"3";"10";"2023";"01/01/1900 22:30";"4";"34";"34172";"2";"1";"1";"1";"JANVIER (RUE GUILLAUME)";"43,5955";"3,86573"
"40916";"491";"23";"7";"2023";"01/01/1900 10:18";"1";"34";"34172";"2";"2";"1";"3";"108 Avenue du Pont Juvénal";"43,60589";"3,89409"
"40929";"492";"12";"1";"2023";"01/01/1900 09:20";"1";"34";"34172";"2";"3";"1";"3";"726 Rue de la Roqueturière";"43,63166";"3,88364"
"41201";"493";"23";"7";"2023";"01/01/1900 22:30";"3";"34";"34289";"1";"1";"1";"3";"RD13";"43,401654";"3,410607"
"41318";"494";"17";"6";"2023";"01/01/1900 20:09";"1";"34";"34301";"2";"1";"1";"3";"51 Rue de la Caraussane";"43,406132";"3,687847"
"41319";"495";"17";"6";"2023";"01/01/1900 05:00";"3";"34";"34336";"1";"1";"1";"6";"RD37";"43,31217";"3,31746"
"41406";"496";"2";"11";"2023";"01/01/1900 12:55";"1";"34";"34270";"1";"1";"1";"3";"Autoroute A9";"43,554613";"3,821568"
"41419";"497";"6";"11";"2023";"01/01/1900 17:49";"3";"34";"34023";"1";"1";"1";"3";"RD600";"43,450886";"3,706201"
"41421";"498";"30";"10";"2023";"01/01/1900 15:40";"1";"34";"34176";"1";"2";"1";"3";"d106";"43,635485";"4,054062"
"41571";"499";"17";"5";"2023";"01/01/1900 10:00";"1";"34";"34344";"2";"1";"1";"3";"314 Allee Andre Malraux";"43,563256";"4,090421"
"41694";"500";"15";"5";"2023";"01/01/1900 20:10";"1";"34";"34172";"2";"1";"1";"2";"1160 Avenue Président Pierre Mendès France";"43,60816";"3,91311"
"41754";"501";"5";"11";"2023";"01/01/1900 11:30";"1";"34";"34163";"1";"3";"6";"3";"D619";"43,631269";"3,703111"
"41774";"502";"31";"10";"2023";"01/01/1900 11:15";"1";"34";"34344";"2";"2";"1";"6";"rue des croisades";"43,56818";"4,074672"
"42060";"503";"1";"4";"2023";"01/01/1900 12:42";"1";"34";"34172";"2";"1";"1";"6";"501 Avenue du Doyen Gaston Giraud";"43,63424";"3,84937"
"42129";"504";"22";"2";"2023";"01/01/1900 18:30";"3";"34";"34172";"1";"1";"3";"7";"A709, bretelle de sortie, sens MONTPELLIER NIMES, échangeur de MONTPELLIER Est";"43,605412";"3,932204"
"42287";"505";"1";"9";"2023";"01/01/1900 15:35";"1";"34";"34032";"1";"1";"1";"2";"Autoroute A9 PK 166.300 sens Montpellier-Espagne";"43,304054";"3,225195"
"42328";"506";"19";"3";"2023";"01/01/1900 17:50";"1";"34";"34255";"1";"1";"1";"3";"RD 986";"43,676237";"3,820581"
"42497";"507";"31";"8";"2023";"01/01/1900 08:40";"1";"34";"34172";"2";"6";"1";"6";"CHENAIE (RUE DE LA)";"43,63552";"3,8684"
"42498";"508";"31";"8";"2023";"01/01/1900 14:00";"1";"34";"34032";"2";"2";"1";"1";"FONT-NEUVE (PLACE DE LA)";"43,35315";"3,21857"
"42500";"509";"30";"8";"2023";"01/01/1900 15:00";"1";"34";"34032";"2";"1";"1";"2";"PECH HENRI (AV)";"43,35323";"3,22473"
"42533";"510";"7";"12";"2023";"01/01/1900 13:40";"1";"34";"34172";"2";"1";"1";"1";"POMPIGNANE (AVENUE DE LA)";"43,61357";"3,89826"
"42535";"511";"6";"12";"2023";"01/01/1900 22:20";"3";"34";"34032";"2";"1";"1";"3";"GALINIER HENRI (AV)";"43,34131";"3,18345"
"42740";"512";"10";"1";"2023";"01/01/1900 20:20";"3";"34";"34154";"1";"2";"1";"3";"306ter Rue Martin Luther King";"43,622174";"3,992339"
"42776";"513";"30";"9";"2023";"01/01/1900 12:00";"1";"34";"34172";"2";"1";"1";"2";"JUSTICE DE CASTELNAU (AVENUE DE LA)";"43,62706";"3,89054"
"42860";"514";"22";"7";"2023";"01/01/1900 12:40";"1";"34";"34172";"2";"1";"1";"1";"RM132";"43,605837";"3,820105"
"42863";"515";"22";"7";"2023";"01/01/1900 11:45";"1";"34";"34003";"2";"1";"1";"3";"Avenue des Contrebandiers";"43,29068";"3,51378"
"42993";"516";"22";"7";"2023";"01/01/1900 23:45";"3";"34";"34041";"1";"1";"1";"1";"D2";"43,60895463";"3,4705608"
"43034";"517";"22";"7";"2023";"01/01/1900 11:30";"1";"34";"34213";"1";"1";"1";"2";"A9, PK 125+700";"43,475242";"3,65067"
"43170";"518";"20";"6";"2023";"01/01/1900 22:40";"3";"34";"34103";"1";"1";"1";"7";"RD128";"43,547657";"3,414738"
"43171";"519";"19";"6";"2023";"01/01/1900 23:40";"5";"34";"34092";"2";"1";"1";"6";"65 Avenue de Saint-Pons";"43,35926613";"2,94214512"
"43363";"520";"3";"5";"2023";"01/01/1900 22:00";"3";"34";"34183";"1";"1";"1";"1";"RD609";"43,299041";"3,151553"
"43417";"521";"3";"11";"2023";"01/01/1900 10:10";"1";"34";"34172";"2";"1";"2";"3";"MOULARES (CHEMIN DE";"43,59497";"3,89104"
"43419";"522";"8";"10";"2023";"01/01/1900 13:05";"1";"34";"34032";"1";"1";"1";"1";"ROUTE DE BEDARIEUX (RD.909)";"43,38186";"3,22286"
"43420";"523";"7";"10";"2023";"01/01/1900 14:37";"1";"34";"34032";"2";"1";"1";"6";"CADENAT JULES (BD)";"43,34004";"3,25059"
"43878";"524";"27";"8";"2023";"01/01/1900 19:05";"1";"34";"34095";"1";"1";"1";"6";"D613";"43,54088";"3,764947"
"43921";"525";"1";"9";"2023";"01/01/1900 14:55";"1";"34";"34154";"1";"1";"1";"2";"D62";"43,549351";"3,983724"
"43980";"526";"22";"2";"2023";"01/01/1900 08:40";"1";"34";"34341";"1";"1";"1";"5";"D5E8";"43,475288";"3,586906"
"43985";"527";"10";"2";"2023";"01/01/1900 15:15";"1";"34";"34344";"2";"9";"1";"3";"7 Rue des Artisans";"43,561241";"4,076974"
"44010";"528";"31";"8";"2023";"01/01/1900 14:45";"1";"34";"34172";"1";"1";"1";"2";"autoroute A709 PK 011+400 sens béziers nimes";"43,601403";"3,921561"
"44207";"529";"5";"4";"2023";"01/01/1900 01:24";"3";"34";"34301";"1";"1";"1";"7";"Route d'Agde";"43,354679";"3,595557"
"44211";"530";"5";"4";"2023";"01/01/1900 09:33";"1";"34";"34003";"2";"6";"1";"3";"2 Avenue de la Mediterranee";"43,29109";"3,51406"
"44298";"531";"8";"12";"2023";"01/01/1900 13:15";"1";"34";"34199";"1";"1";"8";"7";"D13";"43,46703";"3,393863"
"44394";"532";"23";"9";"2023";"01/01/1900 00:17";"3";"34";"34088";"1";"1";"1";"6";"Avenue de la Gare du Midi";"43,551157";"3,72922"
"44484";"533";"7";"1";"2023";"01/01/1900 13:40";"1";"34";"34032";"2";"1";"1";"6";"3 Rue du Canal";"43,33702";"3,20673"
"44497";"534";"2";"10";"2023";"01/01/1900 17:10";"1";"34";"34172";"1";"1";"1";"2";"A709";"43,596373";"3,910216"
"44525";"535";"6";"12";"2023";"01/01/1900 06:45";"5";"34";"34172";"2";"3";"1";"3";"JUSTICE DE CASTELNAU (AVENUE DE LA)";"43,62689";"3,88972"
"44593";"536";"22";"7";"2023";"01/01/1900 00:14";"3";"34";"34003";"2";"2";"1";"7";"1 Rue des Gallo Romains";"43,28828";"3,50185"
"44747";"537";"29";"9";"2023";"01/01/1900 17:00";"1";"34";"34172";"2";"3";"1";"3";"SAINT LAZARE (AVENUE DE)";"43,6191";"3,88656"
"44862";"538";"2";"10";"2023";"01/01/1900 18:00";"1";"34";"34314";"1";"1";"1";"1";"D17";"43,743278";"3,863139"
"44867";"539";"18";"7";"2023";"01/01/1900 21:45";"5";"34";"34324";"2";"2";"1";"3";"Boulevard Michelet";"43,245511";"3,28996"
"44870";"540";"18";"7";"2023";"01/01/1900 16:00";"1";"34";"34182";"1";"1";"1";"3";"RD13";"43,412991";"3,414389"
"44903";"541";"29";"9";"2023";"01/01/1900 10:49";"1";"34";"34270";"2";"3";"1";"6";"Rue des Rouderes";"43,573236";"3,827169"
"45159";"542";"19";"6";"2023";"01/01/1900 11:58";"1";"34";"34147";"1";"1";"1";"1";"D909";"43,492238";"3,189662"
"45172";"543";"18";"6";"2023";"01/01/1900 22:30";"4";"34";"34333";"1";"1";"1";"5";"RD612";"43,503233";"3,790002"
"45175";"544";"11";"6";"2023";"01/01/1900 07:50";"1";"34";"34203";"1";"1";"1";"4";"N/A";"43,408352";"3,497429"
"45181";"545";"18";"6";"2023";"01/01/1900 21:30";"2";"34";"34289";"1";"1";"1";"6";"RD18";"43,390508";"3,400637"
"45378";"546";"2";"11";"2023";"01/01/1900 16:15";"1";"34";"34247";"1";"1";"7";"6";"Campus de Bissy (Arrêt de bus)";"43,655709";"3,836487"
"45474";"547";"1";"11";"2023";"01/01/1900 14:10";"1";"34";"34172";"2";"1";"8";"3";"ACCONIERS (RUE DES)";"43,59555";"3,89676"
"45565";"548";"1";"11";"2023";"01/01/1900 14:30";"1";"34";"34194";"2";"1";"1";"3";"163 Rue des Coquelicots";"43,536809";"3,45763"
"45726";"549";"24";"8";"2023";"01/01/1900 11:50";"1";"34";"34302";"2";"2";"1";"3";"6 Avenue du Stade";"43,315503";"2,65977"
"45728";"550";"24";"8";"2023";"01/01/1900 20:30";"2";"34";"34075";"2";"1";"1";"7";"4 Chemin du Tribi";"43,321724";"2,714551"
"45733";"551";"20";"2";"2023";"01/01/1900 16:00";"1";"34";"34031";"2";"1";"1";"3";"Impasse de l’Allée";"43,358943";"3,427355"
"45920";"552";"19";"2";"2023";"01/01/1900 12:00";"1";"34";"34172";"1";"3";"1";"6";"50 Avenue de Monsieur Teste";"43,61132";"3,8288"
"45933";"553";"6";"12";"2023";"01/01/1900 07:20";"2";"34";"34194";"2";"2";"1";"3";"Avenue de Campagnan";"43,54258";"3,462008"
"45965";"554";"4";"4";"2023";"01/01/1900 09:30";"1";"34";"34301";"2";"2";"1";"5";"57 Avenue Jean Monnet";"43,39787";"3,66189"
"45968";"555";"4";"4";"2023";"01/01/1900 21:10";"5";"34";"34172";"2";"1";"1";"1";"550 Avenue de la Justice de Castelnau";"43,6263";"3,87656"
"45971";"556";"4";"4";"2023";"01/01/1900 18:50";"1";"34";"34172";"2";"1";"1";"3";"Avenue de Vanières";"43,59501";"3,84911"
"45974";"557";"2";"4";"2023";"01/01/1900 17:50";"1";"34";"34172";"2";"1";"1";"6";"222 Avenue de la Justice de Castelnau";"43,62709";"3,87255"
"46134";"558";"6";"10";"2023";"01/01/1900 23:15";"3";"34";"34032";"2";"1";"1";"6";"COMTE DE NICE (RUE DU)";"43,35338";"3,23591"
"46253";"559";"29";"8";"2023";"01/01/1900 18:55";"1";"34";"34337";"1";"1";"1";"1";"d116";"43,524857";"3,837812"
"46274";"560";"17";"2";"2023";"01/01/1900 07:45";"2";"34";"34301";"2";"9";"5";"3";"4 Rue du Football";"43,41082";"3,677016"
"46356";"561";"4";"12";"2023";"01/01/1900 09:30";"1";"34";"34172";"2";"1";"2";"3";"CARRIEU (RUE MARIUS)";"43,616922";"3,842177"
"46358";"562";"4";"12";"2023";"01/01/1900 15:35";"1";"34";"34032";"2";"1";"1";"6";"VOIE DOMITIENNE (AVENUE DE LA)";"43,34806";"3,24807"
"46547";"563";"29";"9";"2023";"01/01/1900 20:05";"2";"34";"34301";"2";"2";"1";"3";"VAUBAN (QUAI)";"43,410963";"3,69723"
"46572";"564";"20";"7";"2023";"01/01/1900 18:35";"1";"34";"34192";"2";"1";"1";"6";"avenue reine d'italie";"43,524706";"3,919185"
"46650";"565";"20";"7";"2023";"01/01/1900 19:00";"1";"34";"34023";"2";"3";"1";"2";"14 Avenue Pasteur";"43,437854";"3,675474"
"46659";"566";"18";"7";"2023";"01/01/1900 10:20";"1";"34";"34289";"1";"1";"1";"3";"Chemin de la Viere";"43,394103";"3,405826"
"46668";"567";"21";"7";"2023";"01/01/1900 07:45";"1";"34";"34022";"2";"3";"1";"3";"N113";"43,659458";"4,017794"
"46714";"568";"9";"1";"2023";"01/01/1900 09:55";"1";"34";"34095";"1";"1";"1";"2";"Autoroute A9, PK111.300";"43,544769";"3,792622"
"46722";"569";"8";"1";"2023";"01/01/1900 13:15";"1";"34";"34256";"1";"1";"1";"6";"M54";"43,69155493";"4,05862423"
"46726";"570";"9";"1";"2023";"01/01/1900 07:30";"3";"34";"34164";"1";"2";"1";"6";"7 Chemin des Vignes";"43,747227";"3,965474"
"46804";"571";"20";"9";"2023";"01/01/1900 14:30";"1";"34";"34028";"1";"1";"3";"3";"D908";"43,591232";"3,130996"
"46850";"572";"18";"7";"2023";"01/01/1900 15:25";"1";"34";"34032";"1";"1";"1";"7";"RD609";"43,32548";"3,19121"
"46887";"573";"30";"9";"2023";"01/01/1900 18:20";"2";"34";"34116";"2";"1";"1";"6";"départementale 127";"43,646107";"3,818253"
"46988";"574";"16";"6";"2023";"01/01/1900 16:40";"1";"34";"34183";"2";"6";"7";"3";"RD609";"43,290932";"3,118492"
"47085";"575";"15";"6";"2023";"01/01/1900 22:30";"3";"34";"34332";"1";"1";"1";"3";"RD612";"43,314859";"3,382587"
"47264";"576";"30";"10";"2023";"01/01/1900 16:15";"1";"34";"34172";"2";"1";"3";"3";"MARES (AVENUE HENRI)";"43,62056";"3,85611"
"47341";"577";"2";"4";"2023";"01/01/1900 15:45";"1";"34";"34123";"2";"1";"1";"7";"Route de Lodève";"43,618637";"3,791887"
"47474";"578";"31";"10";"2023";"01/01/1900 21:40";"3";"34";"34320";"1";"1";"1";"7";"CD127E6 lieu dit Montlobre";"43,662594";"3,747325"
"47647";"579";"28";"8";"2023";"01/01/1900 06:00";"2";"34";"34003";"2";"1";"1";"3";"cr des gentilhommes";"43,288677";"3,510717"
"47750";"580";"5";"12";"2023";"01/01/1900 08:30";"1";"34";"34244";"2";"1";"1";"3";"M106";"43,670512";"4,03543"
"47889";"581";"28";"8";"2023";"01/01/1900 21:15";"3";"34";"34051";"1";"1";"1";"1";"ROUTE DE CLERMONT L HERAULT - D2";"43,603889";"3,479678"
"47893";"582";"28";"8";"2023";"01/01/1900 18:30";"1";"34";"34300";"1";"1";"1";"7";"Rue du Chemin Creux";"43,427278";"3,314754"
"47955";"583";"28";"8";"2023";"01/01/1900 08:15";"1";"34";"34327";"1";"3";"1";"3";"Route de Sommieres";"43,663751";"3,969149"
"48015";"584";"3";"12";"2023";"01/01/1900 19:40";"3";"34";"34198";"1";"1";"1";"6";"D66  VOIE RAPIDE";"43,57339";"3,95368"
"48020";"585";"3";"12";"2023";"01/01/1900 02:40";"5";"34";"34172";"2";"1";"1";"7";"SARRAIL (BOULEVARD)";"43,6124";"3,88095"
"48024";"586";"18";"2";"2023";"01/01/1900 10:45";"1";"34";"34196";"1";"1";"1";"6";"A75";"43,803586";"3,325501"
"48062";"587";"27";"8";"2023";"01/01/1900 23:58";"4";"34";"34129";"2";"1";"1";"1";"Avenue de l’Europe";"43,57022";"3,89989"
"48087";"588";"18";"2";"2023";"01/01/1900 17:25";"1";"34";"34032";"1";"1";"1";"6";"A75";"43,362501";"3,274829"
"48284";"589";"15";"2";"2023";"01/01/1900 19:45";"2";"34";"34161";"1";"1";"1";"1";"D11";"43,333";"3,148"
"48487";"590";"26";"9";"2023";"01/01/1900 09:15";"1";"34";"34172";"2";"3";"1";"3";"FAUBOURG FIGUEROLLES (RUE DU)";"43,60669";"3,8652"
"48494";"591";"28";"9";"2023";"01/01/1900 18:13";"1";"34";"34032";"2";"2";"1";"3";"HUGO VICTOR (RUE)";"43,33975";"3,22227"
"48557";"592";"18";"2";"2023";"01/01/1900 03:30";"3";"34";"34041";"1";"1";"1";"6";"D4";"43,626034";"3,472001"
"48588";"593";"18";"7";"2023";"01/01/1900 16:50";"1";"34";"34172";"2";"1";"1";"7";"1107 Avenue de Toulouse";"43,59291";"3,85941"
"49010";"594";"6";"1";"2023";"01/01/1900 15:30";"1";"34";"34094";"1";"1";"8";"3";"Route de Beziers";"43,427593";"3,249936"
"49027";"595";"6";"1";"2023";"01/01/1900 18:50";"3";"34";"34333";"1";"1";"1";"1";"D612, PK 15+150";"43,4743";"3,770253"
"49239";"596";"31";"3";"2023";"01/01/1900 10:30";"1";"34";"34129";"2";"9";"1";"3";"1 Avenue de Figuiere";"43,58423";"3,92799"
"49298";"597";"4";"12";"2023";"01/01/1900 17:35";"3";"34";"34142";"2";"1";"1";"3";"D609";"43,703297";"3,328986"
"49739";"598";"1";"4";"2023";"01/01/1900 16:00";"1";"34";"34327";"1";"1";"1";"1";"M68";"43,673164";"3,957095"
"49746";"599";"31";"3";"2023";"01/01/1900 21:50";"5";"34";"34057";"2";"2";"1";"3";"18 Avenue Aristide Briand";"43,63203";"3,896139"
"49817";"600";"26";"8";"2023";"01/01/1900 03:45";"5";"34";"34172";"2";"1";"1";"3";"Avenue des Garrats";"43,61003";"3,83876"
"49825";"601";"26";"8";"2023";"01/01/1900 18:50";"1";"34";"34172";"2";"1";"1";"4";"ORIENT (BOULEVARD D')";"43,60297";"3,88733"
"49831";"602";"25";"8";"2023";"01/01/1900 02:12";"3";"34";"34336";"1";"6";"1";"3";"MEDITERRANEE (ROND POINT DE LA)";"43,32004";"3,29336"
"49837";"603";"25";"8";"2023";"01/01/1900 14:05";"1";"34";"34003";"2";"1";"1";"3";"Route de Rochelongue";"43,29926";"3,47837"
"49944";"604";"17";"7";"2023";"01/01/1900 11:15";"1";"34";"34003";"2";"9";"1";"3";"25 Rue de la Republique";"43,310942";"3,470767"
"49946";"605";"15";"2";"2023";"01/01/1900 10:50";"1";"34";"34301";"2";"3";"1";"1";"677 Boulevard de Verdun";"43,41294";"3,68395"
"50176";"606";"13";"6";"2023";"01/01/1900 12:30";"1";"34";"34301";"2";"1";"1";"6";"427 Boulevard de Verdun";"43,41212";"3,68697"
"50181";"607";"10";"6";"2023";"01/01/1900 10:10";"1";"34";"34032";"1";"1";"1";"3";"RD609";"43,31381";"3,17883"
"50232";"608";"17";"7";"2023";"01/01/1900 19:40";"1";"34";"34259";"1";"1";"1";"6";"N109";"43,628978";"3,773563"
"50239";"609";"18";"1";"2023";"01/01/1900 22:00";"5";"34";"34301";"2";"1";"1";"6";"2 Boulevard de Verdun";"43,41157";"3,69179"
"50435";"610";"17";"7";"2023";"01/01/1900 05:50";"2";"34";"34199";"1";"2";"1";"1";"RD613";"43,475034";"3,444343"
"50579";"611";"27";"9";"2023";"01/01/1900 15:30";"1";"34";"34172";"1";"1";"1";"1";"JOUHAUX (AVENUE LEON)";"43,60761";"3,82094"
"50588";"612";"27";"9";"2023";"01/01/1900 15:40";"1";"34";"34129";"2";"1";"1";"6";"PEROLS D132 (AVENUE DE)";"43,56899";"3,90513"
"50593";"613";"27";"9";"2023";"01/01/1900 10:00";"1";"34";"34172";"2";"1";"1";"6";"BERTHELOT (BOULEVARD)";"43,60143";"3,86904"
"50601";"614";"27";"9";"2023";"01/01/1900 19:50";"5";"34";"34032";"2";"1";"1";"2";"CLAPAREDE EMILE (AVENUE)";"43,34371";"3,22634"
"50688";"615";"16";"7";"2023";"01/01/1900 09:30";"1";"34";"34301";"2";"2";"1";"3";"LATTRE DE TASSIGNY MARECHAL (QUAI DU)";"43,406826";"3,696047"
"50694";"616";"16";"7";"2023";"01/01/1900 19:10";"1";"34";"34003";"2";"6";"1";"3";"GENTILSHOMMES (H16 A L17";"43,28911";"3,50794"
"50860";"617";"5";"1";"2023";"01/01/1900 00:45";"3";"34";"34332";"1";"1";"1";"6";"D612";"43,31313";"3,390698"
"50915";"618";"5";"1";"2023";"01/01/1900 11:45";"1";"34";"34344";"2";"1";"1";"6";"7 Rue des Artisans";"43,561112";"4,076989"
"51162";"619";"2";"12";"2023";"01/01/1900 22:40";"5";"34";"34172";"2";"2";"1";"1";"CROIX CAPITAINE (AVENUE DE LA)";"43,60281";"3,86366"
"51324";"620";"11";"5";"2023";"01/01/1900 01:40";"3";"34";"34151";"1";"1";"1";"1";"RD61";"43,641541";"4,138241"
"51367";"621";"28";"10";"2023";"01/01/1900 15:30";"1";"34";"34003";"2";"1";"1";"3";"CASSIN (J18 A I20";"43,30689";"3,49321"
"51491";"622";"1";"4";"2023";"01/01/1900 11:00";"1";"34";"34214";"1";"1";"1";"7";"9 Avenue de Gabian";"43,48985";"3,276873"
"51499";"623";"25";"3";"2023";"01/01/1900 18:25";"1";"34";"34252";"1";"3";"1";"3";"D922";"43,655676";"3,109844"
"51587";"624";"30";"11";"2023";"01/01/1900 05:15";"3";"34";"34031";"1";"1";"2";"6";"D137";"43,348323";"3,42885"
"51774";"625";"12";"6";"2023";"01/01/1900 13:25";"1";"34";"34031";"1";"1";"1";"3";"RD137";"43,349087";"3,429344"
"51949";"626";"17";"2";"2023";"01/01/1900 13:30";"1";"34";"34157";"2";"6";"7";"3";"25 Route de Villeveyrac";"43,431353";"3,603559"
"51959";"627";"16";"2";"2023";"01/01/1900 16:30";"1";"34";"34213";"1";"1";"1";"2";"D613";"43,465364";"3,668758"
"51972";"628";"15";"2";"2023";"01/01/1900 19:40";"4";"34";"34145";"1";"2";"1";"3";"D61";"43,656373";"4,138262"
"52058";"629";"13";"6";"2023";"01/01/1900 08:50";"1";"34";"34022";"1";"1";"1";"3";"8 Rue du Mas de la Treille";"43,65543";"4,0028"
"52251";"630";"24";"9";"2023";"01/01/1900 15:40";"1";"34";"34301";"2";"1";"1";"6";"AVENUE DES EAUX BLANCHES";"43,41754";"3,71209"
"52299";"631";"29";"3";"2023";"01/01/1900 16:50";"1";"34";"34172";"2";"6";"1";"7";"646 Rue des Quatre Vents";"43,64488";"3,85263"
"52418";"632";"15";"7";"2023";"01/01/1900 19:45";"1";"34";"34172";"1";"1";"1";"2";"Boulevard Louis Blanc";"43,61455455";"3,88003059"
"52424";"633";"14";"7";"2023";"01/01/1900 09:50";"1";"34";"34003";"1";"1";"1";"2";"RD612";"43,300023";"3,507437"
"52500";"634";"1";"12";"2023";"01/01/1900 23:50";"5";"34";"34172";"2";"2";"8";"3";"BRINGUIER (AVENUE PAUL)";"43,61619";"3,84106"
"52508";"635";"1";"12";"2023";"01/01/1900 19:30";"5";"34";"34129";"2";"1";"2";"7";"D21 E1";"43,58038";"3,93059"
"52514";"636";"30";"11";"2023";"01/01/1900 18:13";"5";"34";"34032";"2";"1";"1";"6";"HEMINGWAY ERNEST (BLD)";"43,36357";"3,22564"
"52654";"637";"1";"1";"2023";"01/01/1900 00:00";"3";"34";"34032";"1";"1";"1";"6";"D14";"43,30944";"3,1875"
"52720";"638";"11";"7";"2023";"01/01/1900 19:20";"1";"34";"34064";"1";"1";"1";"6";"RD 142";"43,855403";"3,324909"
"52767";"639";"10";"2";"2023";"01/01/1900 07:30";"2";"34";"34032";"2";"3";"1";"1";"674 Ancienne Route de Bedarieux";"43,36329";"3,21891"
"52833";"640";"4";"1";"2023";"01/01/1900 10:00";"1";"34";"34213";"2";"1";"1";"6";"Rue Paul Valéry";"43,48635";"3,668141"
"52834";"641";"4";"1";"2023";"01/01/1900 07:45";"1";"34";"34113";"2";"1";"1";"6";"2 Avenue de Béziers";"43,498856";"3,713514"
"52839";"642";"2";"1";"2023";"01/01/1900 11:35";"1";"34";"34199";"2";"2";"1";"3";"1 Rue Louis Feuillade";"43,454325";"3,408149"
"52900";"643";"2";"1";"2023";"01/01/1900 07:54";"1";"34";"34172";"2";"1";"1";"6";"3310 Boulevard Paul Valéry";"43,59125";"3,85427"
"53151";"644";"6";"6";"2023";"01/01/1900 05:15";"3";"34";"34142";"1";"1";"1";"2";"A75 - PK 278+500";"43,698504";"3,334113"
"53359";"645";"2";"1";"2023";"01/01/1900 18:50";"3";"34";"34340";"1";"1";"1";"4";"Autoroute A9 - PK 76+500 sens 2";"43,71667207";"4,13759112"
"53362";"646";"8";"5";"2023";"01/01/1900 09:25";"1";"34";"34301";"2";"2";"1";"3";"HUGO VICTOR (AVENUE)";"43,408834";"3,697941"
"53381";"647";"26";"5";"2023";"01/01/1900 10:30";"1";"34";"34172";"1";"1";"1";"3";"A709 PK010+200";"43,608589";"3,936464"
"53443";"648";"24";"8";"2023";"01/01/1900 04:00";"3";"34";"34146";"1";"1";"1";"1";"A9, PK 84.370";"43,688605";"4,059834"
"53522";"649";"6";"5";"2023";"01/01/1900 12:30";"1";"34";"34289";"1";"2";"1";"3";"RD18";"43,393541";"3,409753"
"53526";"650";"25";"9";"2023";"01/01/1900 19:20";"1";"34";"34172";"2";"3";"1";"3";"LODEVE (AVENUE DE";"43,61029";"3,85443"
"53743";"651";"1";"1";"2023";"01/01/1900 06:05";"5";"34";"34172";"2";"1";"1";"1";"M986";"43,58893";"3,89077"
"54038";"652";"28";"10";"2023";"01/01/1900 01:00";"5";"34";"34172";"2";"9";"1";"3";"ECOLE D'AGRICULTURE-GABRIEL BUCHET (AVEN";"43,61561";"3,85622"
"54041";"653";"30";"11";"2023";"01/01/1900 09:55";"1";"34";"34172";"2";"1";"2";"6";"ECOLE NORMALE (RUE DE L')";"43,61769";"3,8397"
"54043";"654";"27";"10";"2023";"01/01/1900 12:05";"1";"34";"34172";"2";"1";"1";"6";"RAOUX (RUE)";"43,601999";"3,86828"
"54163";"655";"10";"7";"2023";"01/01/1900 14:01";"1";"34";"34270";"1";"3";"1";"2";"RM612";"43,564744";"3,850188"
"54168";"656";"10";"6";"2023";"01/01/1900 09:15";"1";"34";"34301";"2";"1";"1";"3";"216 Avenue Gilbert Martelli";"43,41022";"3,70762"
"54192";"657";"10";"6";"2023";"01/01/1900 20:50";"1";"34";"34129";"1";"3";"1";"5";"RM172";"43,57447";"3,92239"
"54494";"658";"23";"8";"2023";"01/01/1900 08:45";"1";"34";"34032";"1";"2";"1";"3";"ROUTE DE BEDARIEUX (RD.909)";"43,38578";"3,22807"
"54614";"659";"10";"6";"2023";"01/01/1900 11:58";"1";"34";"34139";"1";"3";"1";"5";"RD909";"43,400772";"3,228977"
