"Num_Acc";"catr";"voie";"circ";"nbv";"prof";"plan";"surf";"infra";"situ";"vma";"id_lieux"
"47";"3";"612";"1";"1";"1";"3";"1";"0";"1";"80";"1"
"49";"1";"709";"3";"3";"1";"1";"1";"0";"1";"90";"2"
"56";"3";"907";"2";"2";"2";"3";"1";"0";"1";"80";"3"
"57";"9";"113";"1";"2";"1";"1";"1";"0";"1";"50";"4"
"58";"6";"N/A";"-1";"-1";"1";"1";"1";"0";"1";"30";"5"
"595";"3";"CLERVILLE CHEVALIER DE (BOULEVARD)";"2";"2";"2";"1";"1";"0";"1";"20";"6"
"597";"4";"ALBERT 1ER (AVENUE)";"1";"1";"1";"1";"1";"0";"1";"30";"7"
"679";"3";"17";"2";"2";"1";"1";"1";"0";"1";"30";"8"
"779";"7";"986";"4";"2";"1";"2";"1";"5";"8";"90";"9"
"786";"1";"9";"3";"3";"1";"1";"1";"0";"1";"130";"10"
"889";"4";"BIONNE (RUE DE)";"2";"2";"2";"3";"1";"0";"1";"50";"11"
"910";"3";"D5";"-1";"2";"1";"1";"1";"0";"1";"80";"12"
"915";"3";"5";"2";"2";"1";"1";"2";"0";"1";"90";"13"
"1078";"4";"AGDE (ROUTE DE)";"2";"2";"1";"1";"1";"0";"1";"70";"14"
"1197";"4";"DOMITIENNE (VOIE)";"2";"4";"1";"1";"1";"0";"6";"50";"15"
"1366";"4";"HUGO VICTOR (AVENUE)";"2";"2";"1";"1";"1";"0";"1";"50";"16"
"1670";"4";"16";"2";"2";"1";"3";"1";"0";"5";"30";"17"
"1698";"3";"54";"3";"2";"1";"1";"2";"0";"1";"80";"18"
"1716";"1";"709";"-1";"3";"1";"1";"1";"0";"1";"90";"19"
"1980";"1";"9";"3";"3";"1";"1";"1";"2";"1";"130";"20"
"2184";"4";"N/A";"2";"2";"1";"1";"1";"5";"5";"50";"21"
"2280";"7";"127";"2";"1";"1";"1";"1";"5";"1";"30";"22"
"2386";"4";"BUFFON (RUE)";"2";"2";"1";"1";"1";"0";"1";"30";"23"
"2389";"4";"BERNARD CLAUDE (RUE)";"2";"2";"1";"1";"1";"0";"1";"50";"24"
"2393";"4";"CABESTAN (IMPASSE DU)";"3";"1";"1";"1";"2";"0";"1";"50";"25"
"2456";"1";"9";"1";"3";"1";"1";"1";"0";"1";"110";"26"
"2474";"3";"36";"2";"2";"1";"1";"1";"0";"1";"70";"27"
"2476";"3";"176";"2";"2";"1";"1";"2";"0";"1";"80";"28"
"2939";"3";"909";"2";"2";"1";"1";"1";"0";"1";"90";"29"
"2948";"3";"13";"1";"1";"1";"3";"1";"3";"1";"50";"30"
"3241";"3";"MAUREILHAN (ROUTE DE)";"2";"2";"1";"1";"1";"0";"1";"90";"31"
"3391";"3";"1";"2";"2";"1";"1";"1";"0";"3";"90";"32"
"3685";"4";"MARES (AVENUE HENRI)";"2";"2";"1";"1";"1";"0";"1";"50";"33"
"3689";"4";"CLEMENCEAU GEORGES (AVENUE)";"2";"2";"1";"1";"1";"0";"1";"30";"34"
"4136";"3";"68";"2";"2";"1";"1";"1";"0";"1";"80";"35"
"4292";"4";"AUTIGNAC (RUE GUILLAUME D')";"1";"1";"1";"1";"1";"0";"1";"30";"36"
"4379";"4";"BLUM (RUE LEON)";"1";"2";"1";"1";"1";"0";"1";"50";"37"
"4400";"4";"N/A";"2";"2";"1";"1";"1";"0";"1";"50";"38"
"4402";"7";"613";"2";"1";"1";"1";"1";"0";"1";"50";"39"
"4448";"4";"PRES D'ARENES (AVENUE DES)";"1";"2";"1";"1";"1";"0";"1";"50";"40"
"4492";"4";"N/A";"2";"2";"1";"1";"1";"0";"1";"50";"41"
"4616";"7";"PALAVAS D986 (ROUTE DE)";"1";"2";"2";"3";"1";"0";"1";"50";"42"
"4837";"1";"75";"1";"2";"1";"1";"1";"0";"1";"130";"43"
"4938";"4";"VERDUN (BD DE)";"2";"3";"1";"2";"1";"5";"1";"50";"44"
"5127";"3";"D62";"1";"1";"2";"3";"1";"0";"1";"90";"45"
"5206";"3";"DE4";"2";"2";"3";"1";"1";"0";"3";"80";"46"
"5222";"4";"LIBERTE (BD DE LA)";"2";"2";"1";"1";"1";"0";"1";"50";"47"
"5415";"4";"CHASSEURS (RUE DES)";"1";"1";"1";"1";"1";"0";"1";"30";"48"
"5416";"7";"LIBERTE (AVENUE DE LA";"2";"4";"1";"1";"1";"0";"1";"50";"49"
"5426";"4";"BLAYAC (RUE DU PROFESSEUR)";"1";"2";"2";"4";"1";"5";"3";"50";"50"
"5428";"4";"COLOMB (PLACE CHRISTOPHE)";"1";"2";"1";"2";"1";"9";"5";"50";"51"
"5622";"4";"ABRIVADO (RUE DE L')";"1";"2";"1";"4";"1";"0";"8";"50";"52"
"5693";"1";"750";"3";"3";"2";"2";"2";"0";"1";"130";"53"
"5726";"3";"910";"2";"2";"1";"2";"2";"0";"3";"80";"54"
"5859";"3";"2200000";"4";"2";"2";"3";"1";"2";"8";"80";"55"
"5949";"3";"32";"2";"2";"1";"1";"1";"0";"3";"80";"56"
"6062";"4";"FAUBOURG DE LA SAUNERIE (RUE DU)";"2";"1";"1";"1";"1";"9";"6";"30";"57"
"6081";"7";"613";"2";"2";"1";"1";"1";"0";"1";"80";"58"
"6141";"1";"75";"3";"1";"1";"1";"1";"0";"1";"130";"59"
"6229";"4";"VILLENEUVE-ANGOULEME (AVENUE DE";"1";"1";"1";"1";"1";"0";"4";"30";"60"
"6471";"3";"37";"2";"2";"1";"1";"2";"0";"1";"70";"61"
"6668";"4";"MONTMORENCY (RUE)";"1";"1";"2";"1";"1";"0";"1";"50";"62"
"6672";"7";"MENDES FRANCE (AVENUE PRESIDENT PIERRE";"3";"4";"1";"1";"1";"0";"1";"70";"63"
"6677";"4";"CANAL (RUE DU)";"2";"1";"1";"1";"1";"0";"1";"50";"64"
"6688";"4";"POMPIDOU (H12 A 14";"3";"2";"1";"1";"1";"0";"1";"50";"65"
"6839";"3";"908";"2";"2";"1";"1";"1";"0";"1";"90";"66"
"7119";"3";"17";"2";"2";"1";"1";"1";"5";"1";"90";"67"
"7273";"3";"N/A";"2";"2";"3";"1";"1";"0";"1";"50";"68"
"7341";"4";"SOLEIL (G15 A J18";"1";"1";"1";"1";"1";"0";"1";"30";"69"
"7419";"3";"19";"3";"2";"1";"3";"2";"0";"1";"50";"70"
"7796";"4";"BRUSSES (RUE DES)";"-1";"1";"1";"1";"1";"0";"1";"50";"71"
"7856";"3";"160";"2";"2";"1";"1";"5";"0";"1";"70";"72"
"7858";"4";"59";"2";"2";"1";"1";"1";"0";"1";"50";"73"
"7874";"1";"709";"1";"1";"2";"2";"1";"9";"2";"50";"74"
"7967";"7";"114";"2";"2";"2";"2";"1";"0";"8";"80";"75"
"7979";"3";"32";"2";"2";"1";"3";"1";"0";"1";"80";"76"
"7980";"4";"N/A";"-1";"1";"2";"1";"1";"0";"1";"-1";"77"
"8022";"3";"32";"2";"2";"1";"1";"1";"0";"1";"90";"78"
"8072";"7";"116";"2";"2";"1";"1";"1";"0";"1";"80";"79"
"8367";"4";"ERIGNAC CLAUDE (AV)";"-1";"2";"1";"1";"1";"0";"1";"50";"80"
"8370";"4";"MISTRAL FREDERIC (BD)";"2";"2";"1";"1";"1";"0";"1";"50";"81"
"8373";"4";"MENDES FRANCE PIERRE (AV)";"2";"2";"2";"1";"1";"0";"1";"50";"82"
"8666";"3";"15";"2";"2";"1";"1";"1";"0";"1";"-1";"83"
"8781";"3";"VERDUN (BOULEVARD DE)";"2";"1";"1";"1";"1";"0";"1";"50";"84"
"8899";"4";"NOBEL (RUE ALFRED)";"2";"2";"1";"1";"1";"0";"1";"50";"85"
"9034";"3";"986";"2";"2";"1";"1";"1";"0";"1";"70";"86"
"9140";"3";"61";"3";"1";"1";"3";"1";"5";"3";"90";"87"
"9143";"4";"N/A";"1";"1";"1";"1";"1";"0";"1";"50";"88"
"9145";"3";"N/A";"2";"2";"1";"3";"1";"0";"8";"80";"89"
"9358";"1";"9";"3";"3";"2";"1";"1";"0";"1";"130";"90"
"9425";"4";"HENRI (RUE)";"1";"1";"1";"1";"1";"0";"1";"50";"91"
"9466";"3";"37";"2";"1";"1";"3";"1";"0";"8";"-1";"92"
"9567";"4";"FONTAINE DE CELLENEUVE (RUE DE LA)";"2";"2";"1";"1";"1";"0";"1";"30";"93"
"9738";"3";"RD51";"2";"2";"1";"1";"1";"0";"1";"-1";"94"
"9779";"4";"ORNANO COLONEL D' (AV)";"2";"2";"1";"1";"1";"0";"1";"50";"95"
"10186";"7";"5";"2";"2";"2";"2";"1";"5";"1";"80";"96"
"10254";"4";"N/A";"2";"2";"4";"1";"1";"6";"6";"-1";"97"
"10333";"4";"0";"-1";"2";"1";"1";"1";"0";"1";"50";"98"
"10522";"3";"PEROLS D132 (AVENUE DE)";"2";"3";"1";"1";"1";"0";"1";"50";"99"
"10681";"4";"BOSC (QUAI DE)";"1";"2";"1";"1";"1";"0";"1";"30";"100"
"10688";"4";"MOULARES (CHEMIN DE";"2";"3";"1";"1";"1";"0";"1";"30";"101"
"10749";"3";"612";"2";"2";"1";"1";"1";"0";"1";"50";"102"
"10772";"3";"158";"3";"1";"1";"2";"1";"5";"3";"80";"103"
"10779";"4";"EUCALYPTUS (RUE DES)";"2";"2";"2";"1";"1";"0";"1";"30";"104"
"10780";"3";"200000";"2";"1";"2";"1";"1";"0";"1";"80";"105"
"10783";"4";"N/A";"1";"2";"1";"1";"1";"5";"1";"-1";"106"
"10785";"3";"613";"2";"2";"1";"1";"1";"0";"1";"80";"107"
"10786";"7";"610";"2";"2";"1";"1";"1";"0";"1";"50";"108"
"10788";"4";"-";"2";"2";"1";"1";"1";"0";"1";"50";"109"
"11057";"4";"EUROPE (AVENUE DE L')";"2";"2";"1";"1";"1";"2";"1";"50";"110"
"11064";"7";"D66  VOIE RAPIDE";"3";"4";"1";"1";"2";"0";"1";"90";"111"
"11193";"7";"612";"2";"2";"1";"1";"1";"0";"1";"80";"112"
"11194";"3";"612";"2";"2";"1";"1";"1";"0";"1";"90";"113"
"11197";"3";"909";"2";"2";"2";"2";"2";"0";"3";"80";"114"
"11207";"3";"15";"2";"2";"1";"2";"1";"0";"1";"80";"115"
"11209";"4";"N/A";"2";"2";"2";"1";"1";"0";"1";"50";"116"
"11248";"3";"122";"2";"2";"1";"3";"1";"0";"1";"-1";"117"
"11441";"4";"N/A";"2";"2";"1";"1";"1";"0";"1";"-1";"118"
"11474";"4";"19";"1";"1";"1";"3";"1";"0";"1";"-1";"119"
"11593";"1";"709";"3";"5";"1";"1";"2";"0";"1";"90";"120"
"11646";"3";"RD 612";"2";"2";"1";"1";"2";"0";"1";"80";"121"
"11660";"4";"N/A";"2";"-1";"1";"1";"1";"0";"1";"-1";"122"
"11807";"3";"N/A";"2";"2";"1";"1";"1";"0";"1";"30";"123"
"11810";"1";"9";"3";"3";"1";"1";"1";"0";"1";"130";"124"
"12014";"4";"SOIXANTE QUINZE (PASSAGE)";"2";"2";"1";"1";"1";"0";"1";"30";"125"
"12028";"3";"34";"2";"2";"1";"3";"1";"0";"1";"80";"126"
"12254";"4";"SAINT EXUPERY ANTOINE DE (AVENUE)";"2";"2";"1";"1";"1";"0";"1";"50";"127"
"12259";"4";"CROIX DE FIGUEROLLES (RUE DE LA)";"2";"-1";"1";"3";"1";"0";"1";"30";"128"
"12281";"3";"24";"2";"2";"1";"3";"1";"0";"3";"30";"129"
"12540";"4";"PERRUQUE (BOULEVARD DE LA)";"1";"1";"1";"1";"1";"0";"1";"30";"130"
"12545";"4";"CHASSEURS (RUE DES)";"3";"2";"1";"3";"1";"0";"1";"50";"131"
"12551";"4";"GARE (ROND POINT DE LA)";"1";"2";"1";"2";"1";"5";"1";"50";"132"
"12556";"4";"TOULOUSE (AVENUE DE";"2";"3";"2";"3";"1";"0";"1";"50";"133"
"12631";"4";"HEMINGWAY ERNEST (BLD)";"2";"2";"1";"1";"1";"0";"1";"50";"134"
"12825";"3";"RD 600";"2";"2";"1";"1";"1";"0";"3";"70";"135"
"12903";"4";"AVENUE DES EAUX BLANCHES";"2";"2";"1";"1";"1";"0";"1";"50";"136"
"12967";"7";"185";"2";"2";"2";"1";"2";"0";"1";"80";"137"
"13082";"3";"500000";"2";"2";"1";"1";"1";"0";"1";"70";"138"
"13337";"3";"19";"2";"2";"1";"3";"1";"0";"1";"80";"139"
"13355";"3";"D158E";"2";"2";"1";"1";"1";"0";"3";"80";"140"
"13791";"3";"613";"2";"2";"1";"1";"1";"0";"3";"80";"141"
"13851";"4";"N/A";"2";"-1";"1";"1";"1";"0";"1";"-1";"142"
"13852";"4";"ALSACE (RUE D')";"1";"1";"1";"1";"1";"0";"1";"50";"143"
"14054";"3";"32";"2";"2";"1";"1";"1";"0";"3";"80";"144"
"14137";"3";"613";"3";"2";"1";"1";"1";"0";"1";"50";"145"
"14199";"7";"67";"2";"2";"1";"2";"1";"0";"8";"70";"146"
"14505";"3";"172";"2";"2";"1";"1";"1";"0";"1";"70";"147"
"14508";"7";"65";"2";"2";"1";"2";"1";"0";"1";"70";"148"
"14521";"3";"ROUTE DE BEDARIEUX (RD.909)";"2";"2";"1";"3";"1";"0";"1";"90";"149"
"14526";"4";"LAZARE JOSEPH (AV)";"2";"2";"1";"3";"1";"0";"1";"50";"150"
"14578";"4";"INDUSTRIE (RUE DE L')";"2";"2";"1";"1";"1";"0";"1";"30";"151"
"14591";"4";"ARBOUSIERS (AV DES)";"2";"2";"1";"1";"2";"0";"8";"50";"152"
"14856";"4";"ROCHELONGUE (H7 A L6";"-1";"1";"1";"1";"1";"0";"1";"30";"153"
"14861";"4";"N/A";"2";"2";"1";"1";"1";"0";"6";"30";"154"
"15096";"4";"N/A";"2";"2";"1";"1";"1";"0";"1";"50";"155"
"15126";"3";"909";"2";"3";"2";"1";"2";"0";"1";"-1";"156"
"15175";"1";"9";"3";"3";"1";"1";"1";"0";"1";"130";"157"
"15237";"3";"RD2 Route de Balaruc";"2";"2";"1";"3";"1";"0";"3";"80";"158"
"15398";"7";"Ernest Hémingway (avenue)";"3";"2";"1";"3";"1";"0";"1";"50";"159"
"15540";"4";"VALERY (BOULEVARD PAUL";"3";"2";"1";"1";"2";"0";"1";"50";"160"
"15636";"1";"75";"3";"2";"1";"2";"3";"0";"1";"130";"161"
"15655";"3";"2";"1";"1";"1";"2";"1";"5";"1";"50";"162"
"15656";"3";"14";"2";"2";"1";"3";"1";"0";"1";"70";"163"
"15684";"3";"612";"2";"2";"1";"1";"2";"0";"1";"90";"164"
"15701";"3";"600";"2";"3";"1";"1";"1";"0";"1";"80";"165"
"15702";"3";"110";"2";"2";"1";"3";"1";"0";"1";"70";"166"
"15753";"7";"EINSTEIN (AVENUE ALBERT";"1";"2";"1";"1";"1";"0";"1";"50";"167"
"16035";"4";"ALBERTINI AUGUSTE (AVENUE)";"-1";"2";"1";"1";"1";"0";"1";"50";"168"
"16224";"4";"D'AUGIER PREVOT (RUE)";"2";"1";"2";"1";"1";"0";"1";"50";"169"
"16228";"4";"MOULIN JEAN (RUE)";"1";"1";"2";"1";"1";"0";"8";"50";"170"
"16233";"4";"LODEVE (AVENUE DE";"2";"6";"1";"1";"1";"0";"1";"50";"171"
"16238";"4";"CELLENEUVE A SAINT HILAIRE (RUE DE)";"2";"2";"1";"1";"1";"0";"1";"50";"172"
"16277";"3";"612";"2";"2";"2";"2";"1";"0";"1";"50";"173"
"16340";"1";"9";"3";"3";"1";"1";"1";"0";"1";"130";"174"
"16377";"1";"75";"3";"2";"1";"1";"1";"0";"3";"130";"175"
"16429";"3";"SETE ( ROUTE)";"-1";"2";"1";"1";"1";"0";"1";"90";"176"
"16433";"3";"35";"2";"2";"2";"4";"1";"0";"3";"80";"177"
"16437";"3";"130";"2";"2";"2";"3";"1";"0";"1";"-1";"178"
"16554";"4";"N/A";"-1";"2";"1";"3";"1";"0";"8";"-1";"179"
"16817";"3";"912";"2";"2";"1";"1";"1";"0";"1";"50";"180"
"16819";"3";"908";"2";"2";"1";"2";"1";"0";"1";"90";"181"
"16857";"4";"GARRATS (AVENUE DES)";"1";"2";"1";"1";"1";"0";"1";"30";"182"
"16975";"4";"FIGAIRASSE (RUE DE LA)";"2";"2";"2";"1";"1";"0";"1";"50";"183"
"17028";"3";"132";"2";"2";"2";"2";"2";"0";"1";"80";"184"
"17057";"3";"909";"2";"2";"1";"1";"2";"0";"1";"80";"185"
"17058";"1";"750";"3";"2";"1";"1";"1";"0";"3";"130";"186"
"17207";"3";"32";"2";"2";"2";"1";"1";"0";"1";"70";"187"
"17345";"3";"N/A";"2";"1";"1";"1";"1";"0";"1";"50";"188"
"17657";"7";"610";"2";"2";"1";"1";"1";"0";"1";"80";"189"
"17768";"3";"54";"2";"2";"1";"2";"1";"0";"1";"70";"190"
"17872";"4";"N/A";"2";"2";"1";"1";"1";"0";"1";"50";"191"
"18034";"3";"RD612";"3";"0";"1";"1";"1";"3";"3";"110";"192"
"18124";"3";"52";"1";"1";"1";"2";"1";"0";"3";"50";"193"
"18180";"1";"A9";"3";"3";"1";"1";"1";"0";"1";"130";"194"
"18447";"4";"QUATORZE JUILLET (PLACE DU)";"-1";"-1";"1";"1";"1";"9";"8";"30";"195"
"18522";"3";"VERDUN (BOULEVARD DE)";"2";"3";"1";"1";"1";"0";"1";"50";"196"
"18526";"4";"BUGAREL (RUE DE";"1";"1";"1";"3";"9";"8";"1";"30";"197"
"18596";"3";"THERMES (RUE DES)";"2";"2";"1";"1";"1";"0";"4";"30";"198"
"18601";"4";"MONTELS L' EGLISE (RUE DE)";"2";"2";"1";"1";"1";"0";"1";"50";"199"
"18763";"4";"LESSEPS FERDINAND DE (RUE)";"-1";"2";"1";"1";"1";"0";"1";"50";"200"
"18771";"4";"SORBES (RUE DE LAS";"2";"2";"2";"2";"1";"0";"1";"50";"201"
"18797";"3";"ROUTE DE CAPESTANG (RD.11)";"2";"2";"1";"1";"1";"0";"1";"90";"202"
"18979";"3";"600";"3";"1";"1";"1";"1";"0";"3";"80";"203"
"19099";"2";"113";"2";"2";"3";"1";"1";"0";"1";"80";"204"
"19324";"4";"LIBERTE (AVENUE DE LA";"2";"2";"1";"1";"1";"0";"1";"50";"205"
"19508";"4";"N/A";"2";"2";"1";"1";"1";"0";"1";"50";"206"
"19525";"1";"A9";"-1";"3";"1";"3";"1";"0";"1";"50";"207"
"19858";"4";"EUROPE (AVENUE DE L')";"1";"2";"1";"1";"1";"5";"1";"50";"208"
"20132";"3";"35";"2";"2";"1";"1";"9";"8";"1";"-1";"209"
"20186";"3";"N/A";"2";"2";"1";"3";"2";"0";"8";"80";"210"
"20309";"4";"INGRIL (AVENUE D')";"2";"2";"1";"1";"2";"0";"3";"30";"211"
"20514";"7";"EINSTEIN (AVENUE ALBERT";"2";"2";"1";"1";"1";"0";"1";"50";"212"
"20520";"4";"POUTINGON (CHEMIN DE)";"2";"2";"1";"1";"2";"0";"1";"30";"213"
"20525";"7";"ORAN (RUE D')";"-1";"0";"1";"1";"2";"0";"1";"50";"214"
"20540";"4";"LIBERTE (AVENUE DE LA";"2";"4";"1";"1";"1";"0";"1";"50";"215"
"20543";"4";"SOLEIL (G15 A J18";"1";"1";"1";"1";"1";"5";"1";"30";"216"
"20668";"3";"908";"2";"2";"1";"1";"1";"0";"1";"90";"217"
"20734";"4";"N/A";"2";"2";"1";"1";"1";"0";"1";"50";"218"
"20800";"4";"JUSTICE DE CASTELNAU (AVENUE DE LA)";"2";"2";"1";"1";"1";"0";"1";"50";"219"
"20861";"1";"709";"3";"3";"1";"1";"1";"0";"1";"90";"220"
"20985";"7";"BALARD (RUE)";"1";"1";"1";"1";"1";"0";"1";"30";"221"
"21179";"3";"162";"2";"2";"2";"1";"1";"0";"1";"80";"222"
"21277";"1";"709";"1";"2";"1";"1";"1";"0";"1";"90";"223"
"21350";"2";"109";"1";"2";"1";"1";"1";"0";"1";"90";"224"
"21413";"4";"DEZEUZE (RUE FRANCOIS)";"2";"2";"1";"1";"1";"5";"1";"50";"225"
"21561";"4";"BAGNAS (CAMP NATURISTE";"2";"2";"1";"1";"1";"0";"1";"30";"226"
"21573";"4";"ALBERT 1ER (AVENUE)";"1";"2";"1";"1";"1";"0";"8";"50";"227"
"21664";"3";"D62";"3";"2";"4";"2";"1";"3";"1";"90";"228"
"21702";"3";"910";"2";"2";"2";"2";"1";"0";"3";"80";"229"
"21738";"4";"5(13)";"2";"2";"1";"1";"1";"0";"1";"50";"230"
"22028";"3";"MAUGUIO (ROUTE DE)";"2";"2";"2";"1";"1";"9";"1";"80";"231"
"22032";"4";"GARRATS (AVENUE DES)";"3";"4";"1";"1";"1";"0";"1";"50";"232"
"22038";"4";"N/A";"2";"2";"1";"1";"1";"2";"1";"30";"233"
"22129";"4";"BRINGUIER (AVENUE PAUL)";"2";"4";"2";"1";"1";"0";"1";"50";"234"
"22182";"4";"MUSCAT (AVENUE DU)";"2";"2";"1";"1";"1";"0";"1";"30";"235"
"22188";"4";"MARES (AVENUE HENRI)";"2";"4";"2";"1";"1";"0";"1";"50";"236"
"22192";"4";"DROITS DE L'HOMME (AVENUE DES)";"1";"1";"1";"1";"2";"5";"1";"50";"237"
"22197";"4";"GRASSET (AVENUE DU PROFESSEUR)";"1";"1";"1";"1";"1";"4";"6";"30";"238"
"22201";"4";"FIGAIRASSE (RUE DE LA)";"2";"2";"1";"1";"1";"0";"1";"50";"239"
"22257";"4";"VERDUN (BOULEVARD DE)";"1";"2";"4";"1";"1";"2";"1";"50";"240"
"22344";"1";"75";"3";"4";"1";"1";"1";"0";"1";"130";"241"
"22411";"1";"9";"3";"3";"1";"1";"1";"0";"6";"130";"242"
"22427";"3";"27";"2";"2";"2";"3";"1";"9";"5";"50";"243"
"22445";"3";"172";"2";"2";"1";"1";"1";"0";"1";"70";"244"
"22767";"7";"N/A";"2";"4";"1";"1";"1";"8";"1";"50";"245"
"22884";"4";"PEZENAS (ROUTE DE)";"2";"3";"1";"1";"1";"0";"1";"50";"246"
"22886";"4";"MARCELLIN ALBERT (H15 A H16";"1";"1";"1";"1";"1";"0";"5";"30";"247"
"22984";"3";"d13";"2";"2";"1";"1";"1";"0";"5";"80";"248"
"23023";"1";"9";"1";"3";"1";"1";"1";"0";"1";"130";"249"
"23095";"3";"5";"2";"2";"1";"1";"1";"0";"8";"80";"250"
"23320";"3";"15";"2";"2";"1";"1";"1";"0";"3";"90";"251"
"23351";"3";"66";"1";"2";"1";"1";"1";"3";"1";"90";"252"
"23377";"3";"61";"2";"2";"1";"3";"1";"8";"1";"70";"253"
"23567";"3";"13";"1";"2";"2";"1";"1";"5";"1";"50";"254"
"23648";"4";"HOTTE (RUE DE LA)";"1";"2";"1";"1";"1";"0";"1";"50";"255"
"23779";"9";"N/A";"1";"1";"1";"2";"1";"0";"6";"50";"256"
"23941";"1";"750";"3";"2";"1";"2";"1";"0";"1";"130";"257"
"23947";"3";"13200";"2";"2";"1";"1";"1";"0";"1";"80";"258"
"23989";"7";"MENDES FRANCE (AVENUE PRESIDENT PIERRE";"3";"2";"2";"1";"1";"0";"1";"90";"259"
"24123";"3";"25";"2";"2";"2";"2";"1";"0";"1";"90";"260"
"24128";"4";"N/A";"2";"2";"1";"2";"1";"0";"1";"50";"261"
"24244";"7";"132";"2";"1";"1";"1";"1";"5";"1";"50";"262"
"24268";"3";"909";"2";"1";"1";"1";"1";"0";"1";"90";"263"
"24290";"4";"N/A";"2";"1";"2";"2";"7";"0";"1";"50";"264"
"24306";"3";"609";"2";"2";"1";"1";"1";"0";"1";"50";"265"
"24310";"3";"14400";"2";"2";"1";"3";"1";"2";"8";"80";"266"
"24321";"3";"609";"2";"2";"1";"3";"2";"0";"3";"90";"267"
"24329";"4";"N/A";"2";"2";"1";"1";"1";"0";"1";"30";"268"
"24363";"3";"16";"2";"2";"1";"1";"2";"0";"1";"80";"269"
"24418";"6";"N/A";"-1";"-1";"1";"1";"1";"0";"8";"-1";"270"
"24564";"4";"MAS ARGELLIERS (AVENUE DU)";"2";"5";"2";"3";"1";"0";"1";"50";"271"
"24707";"4";"JARDINS DE MAGUELONNE (CHEMIN DES)";"1";"1";"1";"1";"1";"0";"1";"50";"272"
"24724";"7";"612";"2";"2";"2";"1";"2";"0";"1";"80";"273"
"24842";"3";"VANIERES (AVENUE DE)";"2";"2";"2";"1";"1";"0";"1";"50";"274"
"24844";"4";"MALBOSC (RUE DE)";"1";"1";"1";"1";"1";"0";"1";"50";"275"
"24925";"3";"2";"2";"2";"4";"2";"1";"0";"3";"80";"276"
"24958";"4";"N/A";"1";"1";"1";"1";"1";"0";"1";"50";"277"
"25035";"4";"MOULINS (AVENUE DES";"3";"4";"1";"1";"1";"5";"1";"50";"278"
"25036";"4";"MARES (AVENUE HENRI)";"2";"2";"1";"1";"1";"0";"1";"50";"279"
"25037";"4";"N/A";"2";"3";"1";"1";"1";"0";"1";"50";"280"
"25116";"3";"D10E1";"2";"2";"1";"1";"1";"0";"3";"80";"281"
"25117";"3";"2400";"2";"2";"1";"1";"1";"0";"1";"50";"282"
"25187";"4";"COURREAU FAUBOURG DU";"1";"1";"1";"3";"1";"0";"1";"30";"283"
"25188";"4";"CASTELNAU JUSTICE DE";"2";"4";"1";"1";"1";"5";"1";"50";"284"
"25202";"4";"CORSE (RUE DE)";"2";"2";"2";"2";"1";"0";"1";"30";"285"
"25204";"3";"REVEILLE (D5 A E4 ET E12 A F11";"2";"1";"1";"1";"1";"0";"1";"30";"286"
"25369";"1";"9";"3";"3";"1";"1";"1";"0";"1";"130";"287"
"25376";"3";"913";"1";"2";"1";"2";"1";"9";"1";"-1";"288"
"25445";"4";"N/A";"2";"-1";"1";"1";"1";"0";"1";"-1";"289"
"25450";"3";"66";"1";"4";"1";"1";"1";"0";"1";"90";"290"
"25640";"1";"9";"2";"3";"1";"1";"1";"0";"1";"130";"291"
"25718";"3";"N/A";"2";"2";"1";"1";"1";"0";"1";"-1";"292"
"25721";"3";"13";"2";"2";"1";"1";"1";"0";"1";"90";"293"
"25724";"3";"24";"2";"2";"1";"1";"1";"0";"1";"50";"294"
"25736";"4";"HUIT MAI 1945 (C15 A D14";"1";"2";"1";"2";"1";"9";"6";"50";"295"
"25885";"4";"JARDINIERS (AVENUE DES)";"1";"1";"1";"1";"1";"0";"1";"50";"296"
"25890";"4";"MARTY JEAN BAPTISTE (PROMENADE)";"1";"1";"1";"1";"1";"0";"1";"30";"297"
"25895";"4";"TOULOUSE (AVENUE DE";"2";"4";"2";"1";"1";"0";"1";"50";"298"
"25951";"4";"PONT TRINQUAT (AVENUE DU";"2";"2";"1";"1";"1";"0";"1";"30";"299"
"26202";"1";"75";"3";"2";"1";"1";"1";"0";"1";"130";"300"
"26254";"3";"6200";"1";"4";"1";"1";"1";"0";"1";"50";"301"
"26259";"4";"N/A";"3";"-1";"1";"1";"1";"5";"1";"-1";"302"
"26313";"3";"986";"2";"2";"1";"2";"1";"0";"1";"-1";"303"
"26335";"4";"N/A";"2";"2";"1";"1";"1";"0";"1";"30";"304"
"26355";"2";"113";"2";"2";"1";"1";"1";"0";"3";"50";"305"
"26445";"4";"BRANDT WILLY (RD POINT)";"1";"2";"1";"2";"1";"0";"1";"50";"306"
"26729";"1";"9";"2";"3";"1";"1";"1";"0";"1";"130";"307"
"26866";"4";"HUGO VICTOR (BOULEVARD)";"1";"1";"1";"1";"1";"0";"1";"30";"308"
"26935";"3";"908";"2";"2";"2";"4";"1";"0";"1";"70";"309"
"26955";"3";"102";"2";"2";"1";"1";"1";"0";"1";"90";"310"
"26956";"1";"9";"3";"3";"1";"1";"1";"0";"1";"130";"311"
"27133";"3";"51";"2";"2";"1";"1";"1";"0";"1";"80";"312"
"27144";"7";"185";"2";"2";"4";"1";"1";"0";"1";"80";"313"
"27153";"3";"12";"2";"1";"2";"4";"1";"0";"1";"80";"314"
"27221";"7";"132";"2";"2";"1";"1";"1";"2";"1";"80";"315"
"27245";"7";"5";"2";"3";"1";"1";"1";"5";"1";"50";"316"
"27399";"4";"MUSCAT (AVENUE DU)";"2";"2";"1";"1";"1";"0";"1";"30";"317"
"27403";"4";"EGALITE (F13 A H14";"1";"1";"1";"1";"1";"0";"1";"30";"318"
"27525";"3";"13";"2";"2";"1";"1";"1";"0";"1";"80";"319"
"27576";"3";"112";"2";"2";"2";"1";"1";"9";"1";"80";"320"
"27580";"3";"24";"2";"2";"1";"1";"1";"0";"1";"70";"321"
"27696";"4";"N/A";"1";"1";"1";"1";"1";"0";"1";"30";"322"
"27699";"4";"N/A";"1";"1";"1";"3";"1";"0";"1";"50";"323"
"27860";"4";"ZUCCARELLI (PONT JEAN)";"-1";"1";"1";"1";"1";"2";"4";"50";"324"
"27863";"4";"INDUSTRIE (RUE DE L')";"2";"2";"1";"1";"2";"0";"1";"50";"325"
"28024";"3";"907";"2";"2";"3";"3";"1";"0";"3";"90";"326"
"28115";"2";"109";"3";"4";"1";"1";"1";"0";"2";"90";"327"
"28135";"3";"65";"2";"2";"1";"3";"1";"0";"1";"70";"328"
"28154";"3";"908";"2";"2";"1";"3";"1";"0";"1";"50";"329"
"28164";"3";"51000000";"2";"2";"1";"1";"1";"0";"1";"50";"330"
"28167";"3";"909";"2";"2";"1";"1";"1";"0";"1";"90";"331"
"28225";"3";"N/A";"2";"2";"1";"3";"1";"5";"1";"-1";"332"
"28274";"4";"MADELEINE (RUE DE LA)";"2";"2";"1";"1";"1";"6";"4";"50";"333"
"28466";"4";"N/A";"2";"1";"1";"2";"1";"0";"1";"30";"334"
"28470";"4";"N/A";"2";"2";"1";"1";"1";"0";"1";"50";"335"
"28495";"4";"PARADISIERS (RUE DES)";"2";"1";"1";"1";"1";"0";"1";"30";"336"
"28551";"3";"13";"2";"2";"1";"1";"1";"0";"1";"90";"337"
"28555";"3";"11";"2";"2";"3";"3";"1";"5";"3";"80";"338"
"28668";"3";"908";"2";"2";"3";"3";"1";"0";"1";"90";"339"
"28697";"3";"MENDES FRANCE (AVENUE PRESIDENT PIERRE";"3";"2";"1";"1";"1";"2";"3";"90";"340"
"28820";"4";"N/A";"3";"4";"1";"1";"1";"0";"6";"50";"341"
"28942";"4";"APOTHICAIRES (AVENUE DES)";"3";"2";"1";"2";"1";"5";"1";"50";"342"
"28943";"3";"D 51 MARSEILLAN (ROUTE DE)";"2";"2";"1";"1";"1";"0";"1";"50";"343"
"29052";"4";"N/A";"2";"2";"1";"2";"1";"0";"1";"30";"344"
"29053";"4";"N/A";"2";"2";"1";"1";"1";"0";"1";"-1";"345"
"29077";"4";"MONTELS-EGLISE (RUE DE)";"2";"2";"2";"3";"1";"0";"1";"50";"346"
"29078";"4";"HYPER U (PARKINGS)";"2";"2";"1";"1";"1";"0";"1";"50";"347"
"29276";"3";"N/A";"2";"2";"1";"1";"1";"0";"1";"-1";"348"
"29307";"1";"9";"1";"3";"1";"1";"1";"5";"1";"90";"349"
"29314";"3";"M5";"2";"2";"4";"1";"1";"5";"1";"-1";"350"
"29324";"4";"N/A";"2";"2";"1";"1";"1";"5";"1";"30";"351"
"29514";"2";"109";"3";"2";"1";"3";"2";"0";"1";"90";"352"
"29664";"3";"18";"2";"2";"1";"1";"1";"0";"3";"80";"353"
"29796";"4";"BLANC CAMILLE (BOULEVARD)";"1";"2";"1";"1";"1";"2";"1";"30";"354"
"29940";"2";"109";"3";"2";"1";"3";"2";"0";"8";"110";"355"
"29948";"7";"613";"2";"1";"1";"1";"1";"0";"1";"80";"356"
"30111";"6";"SETE ( ROUTE)";"-1";"-1";"1";"1";"1";"0";"1";"30";"357"
"30262";"3";"51";"2";"2";"2";"2";"1";"0";"3";"80";"358"
"30265";"3";"909";"2";"2";"1";"1";"1";"0";"1";"90";"359"
"30268";"3";"909";"2";"2";"1";"1";"2";"0";"1";"90";"360"
"30316";"1";"9";"3";"5";"1";"1";"1";"0";"1";"-1";"361"
"30413";"7";"PALAVAS D986 (ROUTE DE)";"1";"2";"1";"1";"1";"2";"1";"90";"362"
"30437";"4";"D39";"2";"2";"1";"1";"1";"0";"1";"70";"363"
"30441";"4";"MONACO (F16 A G15";"2";"2";"1";"3";"1";"0";"1";"30";"364"
"30685";"4";"SAINT-PRIEST (RUE)";"2";"2";"1";"1";"1";"5";"1";"50";"365"
"30686";"2";"113";"2";"2";"1";"1";"1";"0";"1";"70";"366"
"30687";"3";"908";"2";"2";"1";"1";"1";"9";"1";"30";"367"
"30783";"3";"RD 612";"2";"2";"1";"4";"1";"0";"1";"70";"368"
"30848";"3";"4";"2";"2";"1";"1";"1";"0";"3";"70";"369"
"30918";"3";"13";"2";"2";"1";"1";"1";"0";"3";"70";"370"
"30921";"3";"24";"2";"1";"1";"1";"1";"0";"1";"80";"371"
"30982";"3";"BLANC CAMILLE (BOULEVARD)";"1";"4";"1";"1";"1";"3";"1";"50";"372"
"30984";"4";"TOULOUSE (AVENUE DE";"2";"3";"1";"1";"1";"0";"1";"50";"373"
"31032";"3";"64";"2";"1";"2";"1";"1";"0";"4";"90";"374"
"31136";"3";"612";"2";"0";"1";"1";"1";"8";"1";"50";"375"
"31180";"3";"62";"1";"2";"1";"3";"1";"3";"8";"70";"376"
"31257";"4";"JUSTICE DE CASTELNAU (AVENUE DE LA)";"2";"4";"1";"1";"1";"0";"1";"50";"377"
"31481";"1";"709";"3";"3";"1";"1";"1";"8";"1";"70";"378"
"31490";"3";"2";"2";"2";"1";"1";"1";"0";"1";"80";"379"
"31491";"3";"612";"2";"3";"1";"3";"1";"0";"1";"90";"380"
"31492";"3";"189";"2";"2";"1";"1";"1";"0";"1";"80";"381"
"31528";"4";"REPUBLIQUE (QUAI DE LA)";"2";"1";"1";"1";"1";"0";"1";"50";"382"
"31861";"3";"D619";"-1";"2";"1";"1";"1";"5";"1";"90";"383"
"31881";"3";"N/A";"1";"2";"1";"2";"1";"0";"1";"50";"384"
"32067";"4";"CARRIEU (RUE MARIUS)";"2";"4";"1";"1";"1";"0";"5";"50";"385"
"32069";"4";"ASSAS (AVENUE D')";"2";"-1";"1";"1";"1";"0";"1";"30";"386"
"32212";"6";"N/A";"-1";"-1";"1";"1";"1";"0";"1";"30";"387"
"32241";"3";"N/A";"1";"-1";"1";"1";"1";"0";"1";"-1";"388"
"32245";"3";"D21  ROUTE DE CARNON";"3";"4";"1";"1";"1";"0";"1";"70";"389"
"32251";"4";"FABRE D'EGLANTINE (RUE)";"2";"1";"1";"1";"1";"0";"1";"30";"390"
"32255";"4";"RAVAZ (AVENUE DU PROFESSEUR LOUIS";"2";"2";"1";"3";"1";"0";"1";"30";"391"
"32259";"4";"COMTE DE NICE (AVENUE DU)";"2";"0";"1";"1";"1";"0";"1";"50";"392"
"32294";"4";"ROIS DE MAJORQUES (AVENUE DES)";"2";"2";"1";"1";"1";"0";"1";"30";"393"
"32299";"3";"SETE ( ROUTE)";"2";"2";"1";"1";"1";"0";"1";"80";"394"
"32537";"3";"619";"4";"3";"1";"1";"1";"0";"1";"50";"395"
"32961";"3";"39";"2";"2";"1";"3";"1";"0";"8";"-1";"396"
"33395";"4";"MISTRAL FREDERIC (BD)";"2";"3";"1";"1";"1";"0";"1";"30";"397"
"33396";"4";"ALIZES (I11 A J11";"-1";"2";"1";"1";"1";"0";"1";"50";"398"
"33397";"3";"RD612";"2";"2";"1";"1";"1";"0";"1";"90";"399"
"33487";"3";"907";"-1";"2";"1";"2";"1";"0";"1";"-1";"400"
"33661";"3";"5";"2";"2";"1";"1";"1";"5";"1";"50";"401"
"33712";"4";"RAVAZ (AVENUE DU PROFESSEUR LOUIS";"2";"2";"2";"1";"1";"0";"1";"50";"402"
"33802";"3";"613";"2";"2";"1";"1";"1";"0";"3";"70";"403"
"33988";"4";"N/A";"2";"2";"1";"1";"1";"0";"1";"50";"404"
"34312";"1";"9";"3";"3";"2";"1";"1";"0";"2";"130";"405"
"34353";"7";"65";"2";"0";"1";"1";"1";"0";"3";"90";"406"
"34391";"3";"ETANGS (AV DES)";"2";"2";"1";"2";"1";"9";"8";"80";"407"
"34399";"4";"MIREUR (RUE FRANCOIS)";"1";"1";"1";"1";"2";"0";"1";"50";"408"
"34512";"3";"AURIOL (AVENUE VINCENT)";"1";"0";"1";"3";"2";"0";"1";"50";"409"
"34612";"3";"11";"2";"2";"1";"1";"1";"0";"8";"80";"410"
"34662";"4";"N/A";"2";"2";"1";"1";"1";"0";"1";"50";"411"
"34768";"4";"REPUBLIQUE (QUAI DE LA)";"-1";"2";"1";"1";"1";"0";"1";"50";"412"
"34770";"4";"PILORY (RUE DU)";"2";"2";"1";"1";"1";"0";"1";"30";"413"
"34771";"3";"JOUHAUX (AVENUE LEON)";"2";"2";"1";"2";"1";"9";"1";"70";"414"
"34773";"4";"LIBERTE (AVENUE DE LA";"2";"4";"1";"1";"1";"0";"1";"50";"415"
"34845";"4";"GARRATS (AVENUE DES)";"2";"4";"1";"1";"1";"0";"1";"50";"416"
"34862";"3";"18";"2";"2";"1";"1";"1";"0";"1";"80";"417"
"34908";"4";"N/A";"1";"1";"1";"1";"1";"0";"1";"20";"418"
"34909";"3";"61";"2";"2";"1";"4";"1";"8";"1";"80";"419"
"34910";"2";"113";"3";"0";"1";"1";"1";"0";"1";"70";"420"
"35037";"3";"ROUTE DEPARTEMENTALE 612";"2";"0";"1";"1";"1";"8";"1";"70";"421"
"35222";"4";"FAULQUIER (PLACE)";"1";"1";"1";"3";"8";"0";"1";"50";"422"
"35223";"4";"BIZET (RUE GEORGES)";"2";"2";"1";"1";"1";"0";"1";"30";"423"
"35242";"3";"16";"2";"2";"1";"1";"1";"0";"3";"80";"424"
"35369";"5";"PONTMARIN (ROUTE)";"2";"2";"1";"1";"1";"9";"1";"30";"425"
"35588";"3";"RD2 Route de Balaruc";"3";"2";"1";"1";"1";"0";"1";"50";"426"
"35591";"7";"ROUTE DE LATTES  D132";"2";"2";"1";"1";"1";"0";"1";"30";"427"
"35594";"4";"CARNON (ROUTE DE  D21)";"-1";"1";"1";"1";"1";"0";"1";"50";"428"
"35599";"7";"120";"2";"2";"1";"1";"1";"0";"1";"80";"429"
"35610";"3";"MAUGUIO (ROUTE DE)";"-1";"2";"1";"1";"1";"0";"8";"50";"430"
"35693";"7";"613";"2";"2";"1";"1";"1";"0";"1";"80";"431"
"35730";"7";"EUROPE (AVENUE DE L')";"3";"2";"1";"1";"1";"0";"1";"50";"432"
"35978";"4";"5";"2";"2";"1";"1";"1";"9";"4";"30";"433"
"35981";"6";"N/A";"-1";"-1";"1";"2";"1";"9";"1";"-1";"434"
"35986";"2";"N";"2";"2";"1";"1";"2";"0";"1";"50";"435"
"35991";"7";"26";"2";"2";"1";"1";"1";"0";"1";"-1";"436"
"36128";"7";"612";"3";"2";"1";"1";"1";"0";"1";"50";"437"
"36170";"3";"612";"2";"2";"1";"1";"1";"6";"1";"30";"438"
"36469";"3";"189";"2";"2";"1";"1";"1";"0";"1";"70";"439"
"36670";"3";"613";"2";"2";"1";"1";"1";"0";"1";"70";"440"
"36754";"4";"VIEUSSENS (BOULEVARD)";"2";"2";"2";"1";"1";"0";"1";"30";"441"
"36914";"1";"9";"3";"5";"1";"1";"1";"0";"1";"130";"442"
"37010";"3";"908";"2";"2";"2";"1";"1";"0";"1";"90";"443"
"37167";"1";"75";"1";"2";"1";"1";"1";"9";"3";"110";"444"
"37204";"4";"37";"2";"2";"1";"3";"2";"0";"3";"70";"445"
"37275";"4";"VERDISSES (LIEU DIT LES";"-1";"1";"1";"1";"9";"9";"3";"50";"446"
"37425";"4";"PONT TRINQUAT (AVENUE DU";"2";"2";"2";"3";"1";"0";"1";"30";"447"
"37426";"4";"TOURS DE SAINT-MARTIN (ROND-POINT DES)";"-1";"0";"1";"3";"1";"0";"1";"50";"448"
"37523";"4";"GENTILSHOMMES (H16 A L17";"1";"1";"1";"3";"1";"0";"1";"50";"449"
"37606";"3";"124";"2";"2";"1";"1";"1";"5";"1";"80";"450"
"37607";"3";"14";"2";"2";"4";"1";"1";"0";"1";"80";"451"
"37613";"4";"MILHAUD (BOULEVARD BENJAMIN)";"2";"3";"2";"1";"1";"0";"1";"50";"452"
"37617";"3";"MENDES FRANCE (AVENUE PRESIDENT PIERRE";"1";"-1";"1";"1";"1";"0";"1";"50";"453"
"37621";"4";"PLATANES (AVENUES DES)";"1";"1";"1";"1";"1";"0";"5";"25";"454"
"37624";"4";"LODEVE (ROUTE DE)";"2";"3";"2";"1";"1";"4";"6";"50";"455"
"37817";"4";"N/A";"2";"2";"1";"1";"1";"0";"8";"50";"456"
"37879";"3";"N/A";"2";"2";"1";"3";"1";"0";"1";"50";"457"
"37895";"3";"51";"2";"2";"2";"2";"1";"2";"1";"50";"458"
"37945";"3";"9";"2";"2";"2";"4";"1";"0";"3";"80";"459"
"37965";"3";"13";"1";"2";"1";"1";"1";"5";"1";"70";"460"
"38079";"3";"62";"4";"2";"1";"1";"1";"0";"1";"50";"461"
"38133";"3";"N/A";"2";"1";"1";"2";"1";"0";"3";"80";"462"
"38137";"1";"709";"1";"3";"1";"1";"1";"0";"1";"70";"463"
"38288";"3";"HESPERIDES (RUE DU JARDIN DES)";"2";"2";"1";"1";"1";"0";"1";"50";"464"
"38308";"3";"612";"1";"3";"1";"1";"1";"0";"1";"90";"465"
"38381";"7";"17";"2";"2";"1";"2";"1";"0";"1";"50";"466"
"38389";"3";"N/A";"2";"2";"1";"1";"1";"0";"1";"80";"467"
"38466";"3";"189";"2";"2";"1";"1";"1";"0";"1";"80";"468"
"38531";"4";"BERGAMOTES (AVENUE DES)";"2";"2";"1";"1";"1";"0";"3";"50";"469"
"38697";"3";"125";"2";"2";"1";"1";"1";"0";"1";"80";"470"
"38949";"4";"8 MAI 1945 (PLACE DU)";"2";"3";"1";"1";"1";"0";"1";"30";"471"
"38951";"4";"GARRATS (AVENUE DES)";"2";"4";"1";"1";"1";"0";"1";"50";"472"
"39217";"1";"9";"3";"3";"1";"1";"1";"0";"2";"130";"473"
"39477";"3";"d162";"2";"2";"1";"2";"1";"0";"3";"80";"474"
"39507";"4";"FERRARI HENRI (RUE)";"2";"0";"1";"1";"1";"0";"1";"50";"475"
"39546";"4";"ROUGET DE LISLE (RUE)";"1";"2";"1";"3";"1";"0";"5";"30";"476"
"39752";"1";"709";"1";"3";"1";"1";"1";"0";"1";"90";"477"
"39922";"4";"FLAHAULT (AVENUE CHARLES";"1";"2";"1";"1";"1";"0";"1";"50";"478"
"40084";"3";"ROUTE D'AGDE (RD 612B)";"2";"2";"1";"1";"1";"0";"3";"70";"479"
"40086";"1";"75";"3";"2";"1";"1";"1";"0";"1";"130";"480"
"40270";"1";"750";"3";"2";"1";"1";"1";"0";"1";"130";"481"
"40329";"4";"CHATEAU D'O (ROND-POINT DU)";"1";"2";"1";"2";"1";"0";"1";"50";"482"
"40331";"4";"VICTOR (BD JEAN MONNET";"-1";"1";"1";"1";"1";"0";"1";"30";"483"
"40432";"3";"N/A";"2";"-1";"1";"1";"1";"0";"1";"-1";"484"
"40558";"4";"TAMARIS (J17 A J18";"-1";"2";"1";"1";"1";"6";"1";"30";"485"
"40662";"3";"PALAVAS D986 (ROUTE DE)";"1";"0";"1";"1";"1";"0";"1";"90";"486"
"40664";"4";"BLAYAC (RUE DU PROFESSEUR)";"1";"2";"1";"1";"1";"0";"1";"50";"487"
"40665";"4";"RABELAIS (BOULEVARD)";"2";"2";"1";"1";"3";"0";"1";"30";"488"
"40763";"4";"18";"1";"2";"2";"1";"1";"0";"1";"50";"489"
"40789";"4";"JANVIER (RUE GUILLAUME)";"1";"2";"1";"1";"1";"0";"1";"30";"490"
"40916";"4";"N/A";"1";"-1";"1";"1";"1";"0";"1";"-1";"491"
"40929";"4";"DALI (RUE SALVADOR)";"2";"2";"2";"1";"1";"0";"8";"30";"492"
"41201";"3";"13";"2";"2";"1";"1";"1";"0";"1";"90";"493"
"41318";"4";"CARAUSSANE (RUE DE LA)";"2";"2";"2";"1";"1";"0";"1";"50";"494"
"41319";"3";"ROUTE DEPARTEMENTALE NR.37";"2";"2";"1";"1";"1";"0";"3";"80";"495"
"41406";"1";"A9";"1";"4";"1";"1";"1";"0";"1";"130";"496"
"41419";"3";"600";"3";"0";"3";"1";"1";"0";"1";"90";"497"
"41421";"3";"24";"2";"1";"1";"1";"1";"0";"1";"80";"498"
"41571";"4";"N/A";"3";"4";"1";"1";"1";"0";"1";"50";"499"
"41694";"9";"MENDES FRANCE (AVENUE PRESIDENT PIERRE";"3";"4";"1";"1";"1";"0";"1";"70";"500"
"41754";"3";"619";"2";"2";"1";"1";"1";"0";"1";"80";"501"
"41774";"4";"N/A";"2";"2";"1";"1";"1";"0";"1";"50";"502"
"42060";"4";"GIRAUD (AVENUE DU DOYEN GASTON)";"1";"3";"1";"1";"1";"5";"1";"50";"503"
"42129";"1";"709";"1";"1";"1";"3";"2";"3";"1";"50";"504"
"42287";"1";"9";"2";"3";"1";"1";"1";"3";"1";"-1";"505"
"42328";"3";"986";"2";"2";"1";"1";"1";"8";"1";"30";"506"
"42497";"4";"CHENAIE (RUE DE LA)";"2";"2";"1";"1";"1";"5";"1";"50";"507"
"42498";"4";"BERTHELOT MARCELIN (RUE)";"1";"1";"2";"1";"1";"5";"1";"50";"508"
"42500";"4";"PECH HENRI (AV)";"2";"3";"1";"1";"1";"0";"1";"50";"509"
"42533";"4";"POMPIGNANE (AVENUE DE LA)";"1";"1";"1";"3";"1";"0";"5";"25";"510"
"42535";"3";"GALINIER HENRI (AV)";"2";"2";"1";"1";"1";"0";"1";"50";"511"
"42740";"3";"189";"2";"2";"1";"1";"1";"5";"1";"70";"512"
"42776";"4";"N/A";"1";"2";"1";"1";"1";"0";"1";"50";"513"
"42860";"7";"JOUHAUX (AVENUE LEON)";"2";"2";"1";"3";"1";"0";"1";"50";"514"
"42863";"4";"CONTREBANDIERS (AVENUE DES)";"1";"4";"1";"1";"1";"0";"1";"50";"515"
"42993";"3";"D2";"-1";"2";"1";"1";"1";"0";"1";"90";"516"
"43034";"1";"9";"2";"3";"1";"1";"1";"0";"1";"130";"517"
"43170";"3";"128";"2";"2";"1";"1";"1";"0";"1";"90";"518"
"43171";"3";"36";"-1";"2";"2";"1";"1";"0";"3";"50";"519"
"43363";"3";"609";"2";"2";"1";"1";"1";"9";"1";"80";"520"
"43417";"4";"MOULARES (CHEMIN DE";"2";"2";"1";"1";"2";"0";"1";"50";"521"
"43419";"3";"ROUTE DE BEDARIEUX (RD.909)";"2";"2";"1";"4";"1";"0";"1";"90";"522"
"43420";"4";"CADENAT JULES (BD)";"2";"2";"1";"1";"1";"9";"1";"50";"523"
"43878";"3";"613";"2";"2";"1";"1";"1";"0";"8";"80";"524"
"43921";"3";"62";"3";"1";"1";"1";"1";"3";"1";"90";"525"
"43980";"3";"5";"2";"2";"2";"1";"1";"0";"1";"80";"526"
"43985";"4";"N/A";"2";"2";"1";"1";"1";"0";"1";"50";"527"
"44010";"1";"709";"3";"3";"1";"1";"1";"0";"1";"90";"528"
"44207";"4";"AGDE (ROUTE DE)";"2";"2";"1";"2";"1";"0";"1";"70";"529"
"44211";"4";"BOUTEILLOU (G17 A G18";"4";"2";"1";"1";"1";"0";"1";"30";"530"
"44298";"3";"13";"2";"2";"1";"2";"2";"0";"8";"80";"531"
"44394";"3";"114";"2";"2";"1";"1";"1";"0";"8";"80";"532"
"44484";"4";"CANAL (RUE DU)";"1";"1";"1";"2";"1";"0";"1";"50";"533"
"44497";"1";"709";"1";"3";"1";"1";"1";"2";"1";"90";"534"
"44525";"4";"JUSTICE DE CASTELNAU (AVENUE DE LA)";"2";"4";"1";"1";"1";"0";"1";"50";"535"
"44593";"4";"GALLO-ROMAINS (G13 A H13";"2";"2";"1";"1";"1";"0";"1";"50";"536"
"44747";"4";"JEU DE MAIL DES ABBES (RUE DU)";"2";"2";"1";"1";"1";"0";"1";"30";"537"
"44862";"3";"17";"2";"2";"1";"1";"1";"0";"1";"90";"538"
"44867";"4";"N/A";"2";"2";"1";"1";"1";"0";"1";"50";"539"
"44870";"3";"13";"2";"2";"1";"1";"1";"0";"1";"90";"540"
"44903";"4";"N/A";"2";"-1";"1";"1";"1";"0";"1";"-1";"541"
"45159";"3";"909";"2";"2";"1";"1";"1";"0";"1";"80";"542"
"45172";"3";"612";"2";"0";"1";"1";"1";"0";"1";"90";"543"
"45175";"1";"A9";"2";"3";"1";"1";"1";"0";"1";"130";"544"
"45181";"3";"18";"2";"2";"1";"1";"1";"0";"3";"90";"545"
"45378";"3";"172000";"-1";"1";"4";"4";"1";"0";"1";"90";"546"
"45474";"4";"ACCONIERS (RUE DES)";"2";"2";"1";"1";"1";"0";"1";"50";"547"
"45565";"4";"1";"2";"2";"1";"1";"1";"0";"1";"50";"548"
"45726";"3";"D168E4";"2";"2";"1";"1";"1";"0";"1";"50";"549"
"45728";"4";"N/A";"2";"2";"1";"1";"1";"0";"1";"50";"550"
"45733";"4";"N/A";"-1";"1";"1";"3";"1";"0";"1";"50";"551"
"45920";"7";"LIBERTE (AVENUE DE LA";"2";"4";"1";"1";"1";"0";"1";"50";"552"
"45933";"3";"30";"4";"2";"1";"1";"1";"0";"1";"50";"553"
"45965";"4";"MONNET JEAN (AVENUE)";"2";"2";"1";"1";"1";"0";"1";"50";"554"
"45968";"4";"JUSTICE DE CASTELNAU (AVENUE DE LA)";"2";"2";"1";"1";"1";"0";"1";"50";"555"
"45971";"4";"VANIERES (AVENUE DE)";"3";"4";"1";"1";"1";"0";"1";"50";"556"
"45974";"4";"JUSTICE DE CASTELNAU (AVENUE DE LA)";"2";"4";"1";"1";"1";"0";"1";"50";"557"
"46134";"4";"COMTE DE NICE (RUE DU)";"2";"2";"1";"1";"1";"0";"1";"50";"558"
"46253";"3";"116";"2";"2";"1";"1";"1";"0";"1";"80";"559"
"46274";"4";"FOOTBALL (RUE DU)";"1";"1";"1";"1";"1";"0";"1";"50";"560"
"46356";"4";"CARRIEU (RUE MARIUS)";"2";"4";"2";"1";"2";"0";"5";"50";"561"
"46358";"3";"VOIE DOMITIENNE (AVENUE DE LA)";"1";"2";"1";"1";"1";"0";"1";"50";"562"
"46547";"4";"GARE (PONT DE LA)";"2";"0";"1";"1";"1";"2";"1";"30";"563"
"46572";"3";"6200";"2";"2";"1";"1";"1";"0";"1";"50";"564"
"46650";"4";"N/A";"1";"1";"1";"1";"1";"0";"1";"50";"565"
"46659";"4";"N/A";"2";"2";"1";"1";"1";"0";"1";"90";"566"
"46668";"2";"113";"2";"2";"1";"1";"1";"0";"1";"50";"567"
"46714";"1";"A9";"3";"6";"1";"1";"1";"0";"8";"130";"568"
"46722";"7";"RD54";"2";"2";"1";"1";"1";"0";"1";"70";"569"
"46726";"7";"54";"2";"2";"1";"1";"1";"0";"1";"70";"570"
"46804";"3";"908";"2";"2";"1";"1";"2";"0";"2";"-1";"571"
"46850";"3";"D609 (RTE DE NARBONNE)";"1";"0";"4";"3";"1";"0";"1";"70";"572"
"46887";"3";"127";"-1";"2";"2";"1";"1";"0";"1";"50";"573"
"46988";"3";"609";"1";"1";"1";"3";"1";"0";"5";"50";"574"
"47085";"3";"612";"2";"0";"3";"3";"1";"0";"1";"80";"575"
"47264";"4";"MARES (AVENUE HENRI)";"2";"4";"1";"1";"2";"0";"1";"50";"576"
"47341";"4";"5";"2";"2";"1";"3";"1";"0";"3";"50";"577"
"47474";"3";"127";"2";"2";"1";"1";"1";"0";"3";"90";"578"
"47647";"4";"GENTILSHOMMES (H16 A L17";"1";"2";"1";"1";"1";"0";"1";"30";"579"
"47750";"3";"106";"2";"2";"1";"1";"1";"0";"1";"50";"580"
"47889";"3";"2";"2";"2";"1";"3";"1";"0";"1";"90";"581"
"47893";"4";"N/A";"-1";"2";"1";"1";"9";"0";"3";"-1";"582"
"47955";"3";"N/A";"2";"-1";"1";"1";"1";"0";"1";"-1";"583"
"48015";"3";"D66  VOIE RAPIDE";"1";"2";"1";"2";"1";"9";"1";"90";"584"
"48020";"4";"SARRAIL (BOULEVARD)";"2";"2";"2";"1";"1";"0";"1";"50";"585"
"48024";"1";"75";"3";"4";"2";"3";"1";"0";"1";"70";"586"
"48062";"3";"EUROPE (AVENUE DE L')";"2";"2";"1";"2";"1";"8";"1";"50";"587"
"48087";"1";"75";"3";"4";"1";"1";"1";"9";"1";"130";"588"
"48284";"3";"ROUTE DE CAPESTANG (RD.11)";"2";"4";"1";"1";"1";"0";"1";"110";"589"
"48487";"4";"BOUSCHET DE BERNARD (RUE)";"2";"0";"1";"1";"1";"0";"1";"30";"590"
"48494";"4";"HUGO VICTOR (RUE)";"1";"1";"2";"1";"1";"0";"1";"50";"591"
"48557";"3";"4";"-1";"2";"2";"1";"1";"0";"8";"70";"592"
"48588";"4";"TOULOUSE (AVENUE DE";"2";"3";"2";"1";"1";"0";"6";"50";"593"
"49010";"3";"15";"2";"2";"2";"1";"1";"0";"3";"80";"594"
"49027";"3";"612";"2";"2";"1";"1";"1";"0";"1";"90";"595"
"49239";"4";"PARC D'ACTIVITES LES COMMANDEURS";"2";"2";"1";"1";"1";"0";"1";"50";"596"
"49298";"3";"609";"2";"2";"1";"1";"2";"0";"1";"50";"597"
"49739";"7";"68";"2";"2";"1";"1";"1";"0";"1";"90";"598"
"49746";"7";"21";"2";"2";"1";"2";"1";"0";"1";"50";"599"
"49817";"4";"GARRATS (AVENUE DES)";"2";"4";"1";"1";"1";"0";"1";"50";"600"
"49825";"4";"ORIENT (BOULEVARD D')";"2";"2";"1";"1";"1";"0";"1";"30";"601"
"49831";"3";"MEDITERRANEE (ROND POINT DE LA)";"1";"2";"1";"2";"1";"5";"1";"30";"602"
"49837";"4";"ROCHELONGUE (G14 A O16";"3";"2";"2";"1";"1";"0";"1";"50";"603"
"49944";"4";"REPUBLIQUE (G4 A G7 ET F12 A F13";"2";"2";"1";"3";"1";"0";"1";"50";"604"
"49946";"3";"MAZEL TOUSSAINT (RUE DE)";"2";"2";"4";"1";"1";"0";"1";"20";"605"
"50176";"3";"VERDUN (BOULEVARD DE)";"1";"1";"1";"1";"1";"0";"4";"50";"606"
"50181";"3";"NARBONNE (ROUTE DE)";"2";"3";"1";"1";"1";"0";"1";"70";"607"
"50232";"2";"109";"3";"4";"1";"1";"1";"0";"2";"110";"608"
"50239";"3";"VERDUN (BOULEVARD DE)";"3";"4";"1";"1";"1";"0";"1";"50";"609"
"50435";"3";"613";"2";"2";"1";"1";"1";"0";"1";"70";"610"
"50579";"3";"JOUHAUX (AVENUE LEON)";"2";"2";"1";"3";"1";"0";"1";"50";"611"
"50588";"3";"PEROLS D132 (AVENUE DE)";"2";"1";"1";"1";"1";"0";"1";"30";"612"
"50593";"4";"BERTHELOT (BOULEVARD)";"1";"1";"2";"1";"1";"0";"1";"50";"613"
"50601";"4";"CLAPAREDE EMILE (AVENUE)";"2";"2";"2";"1";"1";"0";"1";"50";"614"
"50688";"4";"LATTRE DE TASSIGNY MARECHAL (QUAI DU)";"1";"1";"1";"1";"1";"0";"1";"30";"615"
"50694";"4";"BELLE-ISLE (AVENUE DE)";"-1";"2";"1";"2";"1";"0";"1";"30";"616"
"50860";"3";"612";"-1";"2";"1";"1";"1";"0";"3";"90";"617"
"50915";"4";"N/A";"3";"2";"1";"1";"1";"0";"1";"50";"618"
"51162";"4";"CROIX CAPITAINE (AVENUE DE LA)";"2";"2";"1";"1";"1";"5";"1";"50";"619"
"51324";"3";"61";"2";"2";"1";"1";"1";"0";"1";"80";"620"
"51367";"4";"CASSIN (J18 A I20";"2";"0";"1";"1";"1";"0";"6";"30";"621"
"51491";"3";"164";"2";"2";"2";"2";"1";"2";"8";"80";"622"
"51499";"3";"922";"2";"2";"1";"1";"1";"0";"1";"90";"623"
"51587";"3";"37";"2";"2";"1";"1";"2";"0";"1";"80";"624"
"51774";"3";"137";"2";"2";"1";"1";"2";"0";"1";"50";"625"
"51949";"4";"N/A";"1";"2";"1";"4";"1";"5";"1";"50";"626"
"51959";"3";"613";"2";"2";"1";"1";"1";"0";"1";"-1";"627"
"51972";"3";"CD61";"2";"2";"1";"1";"1";"0";"1";"50";"628"
"52058";"2";"113";"2";"2";"1";"1";"1";"0";"1";"80";"629"
"52251";"4";"AVENUE DES EAUX BLANCHES";"2";"2";"1";"1";"1";"0";"1";"30";"630"
"52299";"4";"AURIOL (AVENUE VINCENT)";"4";"2";"1";"2";"1";"0";"1";"30";"631"
"52418";"4";"BLANC (BOULEVARD LOUIS)";"1";"1";"1";"2";"1";"0";"1";"30";"632"
"52424";"3";"RD612";"1";"0";"2";"1";"1";"9";"1";"90";"633"
"52500";"4";"ALCO (RUE D'";"2";"5";"1";"1";"2";"0";"1";"50";"634"
"52508";"7";"D21 E1";"3";"4";"1";"1";"2";"0";"1";"50";"635"
"52514";"4";"HEMINGWAY ERNEST (BLD)";"2";"2";"1";"1";"1";"0";"1";"50";"636"
"52654";"3";"RD.14";"2";"2";"1";"1";"1";"0";"1";"90";"637"
"52720";"3";"142";"2";"2";"1";"1";"1";"0";"1";"90";"638"
"52767";"4";"BEDARIEUX (ANCIENNE ROUTE DE)";"2";"2";"1";"1";"1";"0";"1";"50";"639"
"52833";"4";"N/A";"2";"2";"2";"1";"1";"0";"1";"50";"640"
"52834";"3";"D613";"2";"2";"1";"1";"1";"0";"1";"50";"641"
"52839";"3";"39";"2";"2";"1";"1";"1";"5";"1";"50";"642"
"52900";"4";"VALERY (BOULEVARD PAUL";"1";"4";"1";"1";"1";"0";"1";"50";"643"
"53151";"1";"75";"3";"2";"1";"2";"1";"0";"1";"130";"644"
"53359";"1";"9";"3";"5";"1";"1";"1";"0";"1";"130";"645"
"53362";"4";"HUGO VICTOR (AVENUE)";"2";"4";"1";"1";"1";"0";"1";"50";"646"
"53381";"1";"709";"3";"3";"1";"1";"1";"0";"1";"90";"647"
"53443";"1";"9";"3";"3";"1";"1";"1";"0";"1";"130";"648"
"53522";"3";"18";"2";"2";"1";"1";"1";"0";"1";"80";"649"
"53526";"4";"CLEMENTVILLE (RUE DE)";"1";"2";"3";"3";"1";"0";"1";"50";"650"
"53743";"7";"PALAVAS D986 (ROUTE DE)";"3";"5";"2";"3";"1";"0";"1";"50";"651"
"54038";"4";"ECOLE D'AGRICULTURE-GABRIEL BUCHET (AVEN";"2";"3";"1";"1";"1";"0";"1";"50";"652"
"54041";"4";"ECOLE NORMALE (RUE DE L')";"2";"2";"1";"1";"2";"0";"1";"50";"653"
"54043";"4";"RAOUX (RUE)";"1";"1";"1";"2";"1";"8";"1";"50";"654"
"54163";"7";"612";"2";"2";"2";"1";"1";"0";"1";"70";"655"
"54168";"4";"MARTELLI GILBERT (AVENUE)";"1";"2";"1";"1";"1";"0";"1";"50";"656"
"54192";"7";"MAS DE CAUSSE A L'ESTELLE (CHEMIN DU";"2";"2";"2";"1";"1";"0";"1";"50";"657"
"54494";"3";"CR.7 BIS";"2";"2";"1";"1";"1";"0";"1";"90";"658"
"54614";"3";"909";"2";"2";"1";"1";"1";"0";"1";"90";"659"
